round,challenge,query_index,request_id,ts,clearance_level,badge_age_days,tenure_years,anomaly_ratio,history_score,linked_badges,recent_denials,requested_zone,escorts,site,score,decision
R1,GK-05,1,4448f598-6f72-4854-b967-9144ff4bb325,2026-10-06T08:53:40.494875+00:00,50.0,46.5,20.0,0.5,600.0,10.0,2.5,50.0,3.0,A,0.8213,APPROVE
R1,GK-05,2,62004961-4252-44a3-a78c-9b4c9a03dd21,2026-10-06T08:53:51.525980+00:00,50.0,46.5,20.0,0.5,600.0,10.0,2.5,50.0,3.0,A,0.8213,APPROVE
R1,GK-05,3,4c807da0-3a01-4003-a277-3d44de567a2c,2026-10-06T08:57:46.605461+00:00,50.0,46.5,20.0,0.0,600.0,10.0,2.5,50.0,3.0,A,0.8213,APPROVE
R1,GK-05,4,4c807da0-3a01-4003-a277-3d44de567a2c,2026-10-06T08:57:46.605461+00:00,50.0,46.5,20.0,0.25,600.0,10.0,2.5,50.0,3.0,A,0.8213,APPROVE
R1,GK-05,5,4c807da0-3a01-4003-a277-3d44de567a2c,2026-10-06T08:57:46.605461+00:00,50.0,46.5,20.0,0.75,600.0,10.0,2.5,50.0,3.0,A,0.8213,APPROVE
R1,GK-05,6,4c807da0-3a01-4003-a277-3d44de567a2c,2026-10-06T08:57:46.605461+00:00,50.0,46.5,20.0,1.0,600.0,10.0,2.5,50.0,3.0,A,0.8213,APPROVE
R1,GK-05,7,4c807da0-3a01-4003-a277-3d44de567a2c,2026-10-06T08:57:46.605461+00:00,50.0,18.0,20.0,0.5,600.0,10.0,2.5,50.0,3.0,A,0.8725,APPROVE
R1,GK-05,8,4c807da0-3a01-4003-a277-3d44de567a2c,2026-10-06T08:57:46.605461+00:00,50.0,32.25,20.0,0.5,600.0,10.0,2.5,50.0,3.0,A,0.8526,APPROVE
R1,GK-05,9,4c807da0-3a01-4003-a277-3d44de567a2c,2026-10-06T08:57:46.605461+00:00,50.0,60.75,20.0,0.5,600.0,10.0,2.5,50.0,3.0,A,0.7855,APPROVE
R1,GK-05,10,4c807da0-3a01-4003-a277-3d44de567a2c,2026-10-06T08:57:46.605461+00:00,50.0,75.0,20.0,0.5,600.0,10.0,2.5,50.0,3.0,A,0.691,APPROVE
R1,GK-05,11,4c807da0-3a01-4003-a277-3d44de567a2c,2026-10-06T08:57:46.605461+00:00,0.0,46.5,20.0,0.5,600.0,10.0,2.5,50.0,3.0,A,0.8213,APPROVE
R1,GK-05,12,4c807da0-3a01-4003-a277-3d44de567a2c,2026-10-06T08:57:46.605461+00:00,25.0,46.5,20.0,0.5,600.0,10.0,2.5,50.0,3.0,A,0.8213,APPROVE
R1,GK-05,13,4c807da0-3a01-4003-a277-3d44de567a2c,2026-10-06T08:57:46.605461+00:00,75.0,46.5,20.0,0.5,600.0,10.0,2.5,50.0,3.0,A,0.8213,APPROVE
R1,GK-05,14,4c807da0-3a01-4003-a277-3d44de567a2c,2026-10-06T08:57:46.605461+00:00,100.0,46.5,20.0,0.5,600.0,10.0,2.5,50.0,3.0,A,0.8213,APPROVE
R1,GK-05,15,4c807da0-3a01-4003-a277-3d44de567a2c,2026-10-06T08:57:46.605461+00:00,50.0,46.5,20.0,0.5,600.0,10.0,2.5,50.0,0.0,A,0.8213,APPROVE
R1,GK-05,16,4c807da0-3a01-4003-a277-3d44de567a2c,2026-10-06T08:57:46.605461+00:00,50.0,46.5,20.0,0.5,600.0,10.0,2.5,50.0,1.5,A,0.8213,APPROVE
R1,GK-05,17,4c807da0-3a01-4003-a277-3d44de567a2c,2026-10-06T08:57:46.605461+00:00,50.0,46.5,20.0,0.5,600.0,10.0,2.5,50.0,4.5,A,0.8213,APPROVE
R1,GK-05,18,4c807da0-3a01-4003-a277-3d44de567a2c,2026-10-06T08:57:46.605461+00:00,50.0,46.5,20.0,0.5,600.0,10.0,2.5,50.0,6.0,A,0.8213,APPROVE
R1,GK-05,19,4c807da0-3a01-4003-a277-3d44de567a2c,2026-10-06T08:57:46.605461+00:00,50.0,46.5,20.0,0.5,300.0,10.0,2.5,50.0,3.0,A,0.9316,APPROVE
R1,GK-05,20,4c807da0-3a01-4003-a277-3d44de567a2c,2026-10-06T08:57:46.605461+00:00,50.0,46.5,20.0,0.5,450.0,10.0,2.5,50.0,3.0,A,0.8823,APPROVE
R1,GK-05,21,4c807da0-3a01-4003-a277-3d44de567a2c,2026-10-06T08:57:46.605461+00:00,50.0,46.5,20.0,0.5,750.0,10.0,2.5,50.0,3.0,A,0.6792,APPROVE
R1,GK-05,22,4c807da0-3a01-4003-a277-3d44de567a2c,2026-10-06T08:57:46.605461+00:00,50.0,46.5,20.0,0.5,900.0,10.0,2.5,50.0,3.0,A,0.5261,APPROVE
R1,GK-05,23,4c807da0-3a01-4003-a277-3d44de567a2c,2026-10-06T08:57:46.605461+00:00,50.0,46.5,20.0,0.5,600.0,0.0,2.5,50.0,3.0,A,0.6223,APPROVE
R1,GK-05,24,4c807da0-3a01-4003-a277-3d44de567a2c,2026-10-06T08:57:46.605461+00:00,50.0,46.5,20.0,0.5,600.0,5.0,2.5,50.0,3.0,A,0.7244,APPROVE
R1,GK-05,25,4c807da0-3a01-4003-a277-3d44de567a2c,2026-10-06T08:57:46.605461+00:00,50.0,46.5,20.0,0.5,600.0,15.0,2.5,50.0,3.0,A,0.8739,APPROVE
R1,GK-05,26,4c807da0-3a01-4003-a277-3d44de567a2c,2026-10-06T08:57:46.605461+00:00,50.0,46.5,20.0,0.5,600.0,20.0,2.5,50.0,3.0,A,0.9018,APPROVE
R1,GK-05,27,4c807da0-3a01-4003-a277-3d44de567a2c,2026-10-06T08:57:46.605461+00:00,50.0,46.5,20.0,0.5,600.0,10.0,0.0,50.0,3.0,A,0.833,APPROVE
R1,GK-05,28,5cb7bb24-cbc7-444d-be71-ec2902d823c3,2026-10-06T08:57:46.719180+00:00,50.0,46.5,20.0,0.5,600.0,10.0,1.25,50.0,3.0,A,0.832,APPROVE
R1,GK-05,29,5cb7bb24-cbc7-444d-be71-ec2902d823c3,2026-10-06T08:57:46.719180+00:00,50.0,46.5,20.0,0.5,600.0,10.0,3.75,50.0,3.0,A,0.6979,APPROVE
R1,GK-05,30,5cb7bb24-cbc7-444d-be71-ec2902d823c3,2026-10-06T08:57:46.719180+00:00,50.0,46.5,20.0,0.5,600.0,10.0,5.0,50.0,3.0,A,0.6353,APPROVE
R1,GK-05,31,5cb7bb24-cbc7-444d-be71-ec2902d823c3,2026-10-06T08:57:46.719180+00:00,50.0,46.5,20.0,0.5,600.0,10.0,2.5,0.0,3.0,A,0.8192,APPROVE
R1,GK-05,32,5cb7bb24-cbc7-444d-be71-ec2902d823c3,2026-10-06T08:57:46.719180+00:00,50.0,46.5,20.0,0.5,600.0,10.0,2.5,25.0,3.0,A,0.8329,APPROVE
R1,GK-05,33,5cb7bb24-cbc7-444d-be71-ec2902d823c3,2026-10-06T08:57:46.719180+00:00,50.0,46.5,20.0,0.5,600.0,10.0,2.5,75.0,3.0,A,0.7843,APPROVE
R1,GK-05,34,5cb7bb24-cbc7-444d-be71-ec2902d823c3,2026-10-06T08:57:46.719180+00:00,50.0,46.5,20.0,0.5,600.0,10.0,2.5,100.0,3.0,A,0.7338,APPROVE
R1,GK-05,35,5cb7bb24-cbc7-444d-be71-ec2902d823c3,2026-10-06T08:57:46.719180+00:00,50.0,46.5,0.0,0.5,600.0,10.0,2.5,50.0,3.0,A,0.629,APPROVE
R1,GK-05,36,5cb7bb24-cbc7-444d-be71-ec2902d823c3,2026-10-06T08:57:46.719180+00:00,50.0,46.5,10.0,0.5,600.0,10.0,2.5,50.0,3.0,A,0.7921,APPROVE
R1,GK-05,37,5cb7bb24-cbc7-444d-be71-ec2902d823c3,2026-10-06T08:57:46.719180+00:00,50.0,46.5,30.0,0.5,600.0,10.0,2.5,50.0,3.0,A,0.8358,APPROVE
R1,GK-05,38,5cb7bb24-cbc7-444d-be71-ec2902d823c3,2026-10-06T08:57:46.719180+00:00,50.0,46.5,40.0,0.5,600.0,10.0,2.5,50.0,3.0,A,0.8184,APPROVE
R1,GK-05,39,5cb7bb24-cbc7-444d-be71-ec2902d823c3,2026-10-06T08:57:46.719180+00:00,50.0,46.5,20.0,0.5,600.0,10.0,2.5,50.0,3.0,B,0.813,APPROVE
R1,GK-05,40,5cb7bb24-cbc7-444d-be71-ec2902d823c3,2026-10-06T08:57:46.719180+00:00,50.0,46.5,20.0,0.5,600.0,10.0,2.5,50.0,3.0,C,0.8044,APPROVE
R1,GK-05,41,5cb7bb24-cbc7-444d-be71-ec2902d823c3,2026-10-06T08:57:46.719180+00:00,50.0,46.5,20.0,0.5,600.0,10.0,2.5,50.0,3.0,D,0.8034,APPROVE
R1,GK-05,42,b349584c-84ed-4b92-b035-ea1a8acc4784,2026-10-06T08:59:02.278246+00:00,50.0,75.0,0.0,0.5,900.0,0.0,5.0,100.0,3.0,D,0.0529,DECLINE
R1,GK-05,43,b349584c-84ed-4b92-b035-ea1a8acc4784,2026-10-06T08:59:02.278246+00:00,50.0,75.0,0.0,0.0,900.0,0.0,5.0,100.0,3.0,D,0.0529,DECLINE
R1,GK-05,44,b349584c-84ed-4b92-b035-ea1a8acc4784,2026-10-06T08:59:02.278246+00:00,50.0,75.0,0.0,1.0,900.0,0.0,5.0,100.0,3.0,D,0.0529,DECLINE
R1,GK-05,45,b349584c-84ed-4b92-b035-ea1a8acc4784,2026-10-06T08:59:02.278246+00:00,0.0,75.0,0.0,0.5,900.0,0.0,5.0,100.0,3.0,D,0.0529,DECLINE
R1,GK-05,46,b349584c-84ed-4b92-b035-ea1a8acc4784,2026-10-06T08:59:02.278246+00:00,100.0,75.0,0.0,0.5,900.0,0.0,5.0,100.0,3.0,D,0.0529,DECLINE
R1,GK-05,47,b349584c-84ed-4b92-b035-ea1a8acc4784,2026-10-06T08:59:02.278246+00:00,50.0,75.0,0.0,0.5,900.0,0.0,5.0,100.0,0.0,D,0.0529,DECLINE
R1,GK-05,48,b349584c-84ed-4b92-b035-ea1a8acc4784,2026-10-06T08:59:02.278246+00:00,50.0,75.0,0.0,0.5,900.0,0.0,5.0,100.0,6.0,D,0.0529,DECLINE
R1,GK-05,49,b349584c-84ed-4b92-b035-ea1a8acc4784,2026-10-06T08:59:02.278246+00:00,50.0,18.0,30.0,0.5,300.0,20.0,0.0,25.0,3.0,A,0.9829,APPROVE
R1,GK-05,50,b349584c-84ed-4b92-b035-ea1a8acc4784,2026-10-06T08:59:02.278246+00:00,50.0,18.0,30.0,0.0,300.0,20.0,0.0,25.0,3.0,A,0.9829,APPROVE
R1,GK-05,51,b349584c-84ed-4b92-b035-ea1a8acc4784,2026-10-06T08:59:02.278246+00:00,50.0,18.0,30.0,1.0,300.0,20.0,0.0,25.0,3.0,A,0.9829,APPROVE
R1,GK-05,52,b349584c-84ed-4b92-b035-ea1a8acc4784,2026-10-06T08:59:02.278246+00:00,0.0,18.0,30.0,0.5,300.0,20.0,0.0,25.0,3.0,A,0.9829,APPROVE
R1,GK-05,53,b349584c-84ed-4b92-b035-ea1a8acc4784,2026-10-06T08:59:02.278246+00:00,100.0,18.0,30.0,0.5,300.0,20.0,0.0,25.0,3.0,A,0.9829,APPROVE
R1,GK-05,54,b349584c-84ed-4b92-b035-ea1a8acc4784,2026-10-06T08:59:02.278246+00:00,50.0,18.0,30.0,0.5,300.0,20.0,0.0,25.0,0.0,A,0.9829,APPROVE
R1,GK-05,55,b349584c-84ed-4b92-b035-ea1a8acc4784,2026-10-06T08:59:02.278246+00:00,50.0,18.0,30.0,0.5,300.0,20.0,0.0,25.0,6.0,A,0.9829,APPROVE
R1,GK-05,56,9f74609d-7be0-43ca-ade3-d54b16f2e5cb,2026-10-06T08:59:02.385333+00:00,0.0,46.5,20.0,1.0,600.0,10.0,2.5,50.0,0.0,A,0.8213,APPROVE
R1,GK-05,57,9f74609d-7be0-43ca-ade3-d54b16f2e5cb,2026-10-06T08:59:02.385333+00:00,100.0,46.5,20.0,1.0,600.0,10.0,2.5,50.0,6.0,A,0.8213,APPROVE
R1,GK-05,58,9f74609d-7be0-43ca-ade3-d54b16f2e5cb,2026-10-06T08:59:02.385333+00:00,100.0,46.5,20.0,0.0,600.0,10.0,2.5,50.0,0.0,A,0.8213,APPROVE
R1,GK-05,59,9f74609d-7be0-43ca-ade3-d54b16f2e5cb,2026-10-06T08:59:02.385333+00:00,0.0,46.5,20.0,0.0,600.0,10.0,2.5,50.0,6.0,A,0.8213,APPROVE
R1,GK-05,60,9f74609d-7be0-43ca-ade3-d54b16f2e5cb,2026-10-06T08:59:02.385333+00:00,50.0,46.5,20.0,0.5,600.0,10.0,2.0,50.0,3.0,A,0.8231,APPROVE
R1,GK-05,61,9f74609d-7be0-43ca-ade3-d54b16f2e5cb,2026-10-06T08:59:02.385333+00:00,50.0,46.5,20.0,0.5,600.0,10.0,2.4,50.0,3.0,A,0.819,APPROVE
R1,GK-05,62,9f74609d-7be0-43ca-ade3-d54b16f2e5cb,2026-10-06T08:59:02.385333+00:00,50.0,46.5,20.0,0.5,600.0,10.0,2.6,50.0,3.0,A,0.8076,APPROVE
R1,GK-05,63,9f74609d-7be0-43ca-ade3-d54b16f2e5cb,2026-10-06T08:59:02.385333+00:00,50.0,46.5,20.0,0.5,600.0,10.0,3.0,50.0,3.0,A,0.7509,APPROVE
R1,GK-05,64,9f74609d-7be0-43ca-ade3-d54b16f2e5cb,2026-10-06T08:59:02.385333+00:00,50.0,46.5,20.0,0.5,600.0,10.0,3.4,50.0,3.0,A,0.7347,APPROVE
R1,GK-05,65,ff9915f3-c808-4e0c-975e-995fc610ef57,2026-10-06T08:59:55.628477+00:00,50.0,57.9,12.0,0.5,720.0,6.0,3.5,70.0,3.0,A,0.2656,DECLINE
R1,GK-05,66,ff9915f3-c808-4e0c-975e-995fc610ef57,2026-10-06T08:59:55.628477+00:00,50.0,62.175,9.0,0.5,765.0,4.5,3.875,77.5,3.0,A,0.1074,DECLINE
R1,GK-05,67,ff9915f3-c808-4e0c-975e-995fc610ef57,2026-10-06T08:59:55.628477+00:00,50.0,66.45,6.0,0.5,810.0,3.0,4.25,85.0,3.0,A,0.0562,DECLINE
R1,GK-05,68,ff9915f3-c808-4e0c-975e-995fc610ef57,2026-10-06T08:59:55.628477+00:00,50.0,70.725,3.0,0.5,855.0,1.5,4.625,92.5,3.0,A,0.0453,DECLINE
R1,GK-05,69,ff9915f3-c808-4e0c-975e-995fc610ef57,2026-10-06T08:59:55.628477+00:00,50.0,75.0,0.0,0.5,900.0,0.0,5.0,100.0,3.0,A,0.0581,DECLINE
R1,GK-05,70,deeb2a83-f9ef-43d4-b728-0637179e02c6,2026-10-06T09:00:03.121134+00:00,50.0,50.775,17.0,0.5,645.0,8.5,2.875,57.5,3.0,A,0.5803,APPROVE
R1,GK-05,71,deeb2a83-f9ef-43d4-b728-0637179e02c6,2026-10-06T09:00:03.121134+00:00,50.0,53.625,15.0,0.5,675.0,7.5,3.125,62.5,3.0,A,0.4595,APPROVE
R1,GK-05,72,deeb2a83-f9ef-43d4-b728-0637179e02c6,2026-10-06T09:00:03.121134+00:00,50.0,55.05,14.0,0.5,690.0,7.0,3.25,65.0,3.0,A,0.4082,DECLINE
R1,GK-05,73,deeb2a83-f9ef-43d4-b728-0637179e02c6,2026-10-06T09:00:03.121134+00:00,50.0,56.475,13.0,0.5,705.0,6.5,3.375,67.5,3.0,A,0.3532,DECLINE
R1,GK-05,74,dc666ad9-2931-40cb-ab01-f781dcfcb0a2,2026-10-06T09:00:14.573310+00:00,50.0,54.0525,14.7,0.5,679.5,7.35,3.1625,63.25,3.0,A,0.4404,DECLINE
R1,GK-05,75,dc666ad9-2931-40cb-ab01-f781dcfcb0a2,2026-10-06T09:00:14.573310+00:00,50.0,54.480000000000004,14.399999999999999,0.5,684.0,7.199999999999999,3.2,64.0,3.0,A,0.4304,DECLINE
R1,GK-05,76,dc666ad9-2931-40cb-ab01-f781dcfcb0a2,2026-10-06T09:00:14.573310+00:00,50.0,54.765,14.2,0.5,687.0,7.1,3.225,64.5,3.0,A,0.4099,DECLINE
R1,GK-05,77,53ce0871-45f6-4f23-ae65-1ccce8ebeab1,2026-10-06T09:00:14.868792+00:00,50.0,46.5,20.0,0.5,840.0,2.0,2.5,50.0,3.0,A,0.3809,DECLINE
R1,GK-05,78,53ce0871-45f6-4f23-ae65-1ccce8ebeab1,2026-10-06T09:00:14.868792+00:00,50.0,46.5,20.0,0.5,870.0,1.0,2.5,50.0,3.0,A,0.3366,DECLINE
R1,GK-05,79,53ce0871-45f6-4f23-ae65-1ccce8ebeab1,2026-10-06T09:00:14.868792+00:00,50.0,46.5,20.0,0.5,900.0,0.0,2.5,50.0,3.0,A,0.334,DECLINE
R1,GK-05,80,f09be5f8-87c3-4df7-beac-f1d917a37593,2026-10-06T09:01:08.135182+00:00,50.0,50.775,0.0,0.5,645.0,8.5,2.875,57.5,3.0,A,0.3846,DECLINE
R1,GK-05,81,f09be5f8-87c3-4df7-beac-f1d917a37593,2026-10-06T09:01:08.135182+00:00,50.0,50.775,10.0,0.5,645.0,8.5,2.875,57.5,3.0,A,0.5302,APPROVE
R1,GK-05,82,f09be5f8-87c3-4df7-beac-f1d917a37593,2026-10-06T09:01:08.135182+00:00,50.0,50.775,30.0,0.5,645.0,8.5,2.875,57.5,3.0,A,0.6432,APPROVE
R1,GK-05,83,f09be5f8-87c3-4df7-beac-f1d917a37593,2026-10-06T09:01:08.135182+00:00,50.0,50.775,40.0,0.5,645.0,8.5,2.875,57.5,3.0,A,0.628,APPROVE
R1,GK-05,84,f09be5f8-87c3-4df7-beac-f1d917a37593,2026-10-06T09:01:08.135182+00:00,50.0,50.775,17.0,0.5,645.0,8.5,2.875,0.0,3.0,A,0.6359,APPROVE
R1,GK-05,85,f09be5f8-87c3-4df7-beac-f1d917a37593,2026-10-06T09:01:08.135182+00:00,50.0,50.775,17.0,0.5,645.0,8.5,2.875,25.0,3.0,A,0.6379,APPROVE
R1,GK-05,86,f09be5f8-87c3-4df7-beac-f1d917a37593,2026-10-06T09:01:08.135182+00:00,50.0,50.775,17.0,0.5,645.0,8.5,2.875,75.0,3.0,A,0.5474,APPROVE
R1,GK-05,87,f09be5f8-87c3-4df7-beac-f1d917a37593,2026-10-06T09:01:08.135182+00:00,50.0,50.775,17.0,0.5,645.0,8.5,2.875,100.0,3.0,A,0.4999,APPROVE
R1,GK-05,88,f09be5f8-87c3-4df7-beac-f1d917a37593,2026-10-06T09:01:08.135182+00:00,50.0,50.775,17.0,0.5,300.0,8.5,2.875,57.5,3.0,A,0.878,APPROVE
R1,GK-05,89,f09be5f8-87c3-4df7-beac-f1d917a37593,2026-10-06T09:01:08.135182+00:00,50.0,50.775,17.0,0.5,900.0,8.5,2.875,57.5,3.0,A,0.42,DECLINE
R1,GK-05,90,f09be5f8-87c3-4df7-beac-f1d917a37593,2026-10-06T09:01:08.135182+00:00,50.0,50.775,17.0,0.5,645.0,0.0,2.875,57.5,3.0,A,0.3574,DECLINE
R1,GK-05,91,f09be5f8-87c3-4df7-beac-f1d917a37593,2026-10-06T09:01:08.135182+00:00,50.0,50.775,17.0,0.5,645.0,20.0,2.875,57.5,3.0,A,0.8366,APPROVE
R1,GK-05,92,f09be5f8-87c3-4df7-beac-f1d917a37593,2026-10-06T09:01:08.135182+00:00,50.0,18.0,17.0,0.5,645.0,8.5,2.875,57.5,3.0,A,0.6912,APPROVE
R1,GK-05,93,f09be5f8-87c3-4df7-beac-f1d917a37593,2026-10-06T09:01:08.135182+00:00,50.0,75.0,17.0,0.5,645.0,8.5,2.875,57.5,3.0,A,0.4466,DECLINE
R1,GK-05,94,f09be5f8-87c3-4df7-beac-f1d917a37593,2026-10-06T09:01:08.135182+00:00,50.0,50.775,17.0,0.5,645.0,8.5,0.0,57.5,3.0,A,0.6838,APPROVE
R1,GK-05,95,f09be5f8-87c3-4df7-beac-f1d917a37593,2026-10-06T09:01:08.135182+00:00,50.0,50.775,17.0,0.5,645.0,8.5,5.0,57.5,3.0,A,0.4382,DECLINE
R1,GK-05,96,f09be5f8-87c3-4df7-beac-f1d917a37593,2026-10-06T09:01:08.135182+00:00,50.0,50.775,17.0,0.5,645.0,8.5,2.875,57.5,3.0,B,0.573,APPROVE
R1,GK-05,97,f09be5f8-87c3-4df7-beac-f1d917a37593,2026-10-06T09:01:08.135182+00:00,50.0,50.775,17.0,0.5,645.0,8.5,2.875,57.5,3.0,C,0.5715,APPROVE
R1,GK-05,98,f09be5f8-87c3-4df7-beac-f1d917a37593,2026-10-06T09:01:08.135182+00:00,50.0,50.775,17.0,0.5,645.0,8.5,2.875,57.5,3.0,D,0.5655,APPROVE
R1,GK-05,99,6d1a6b4c-095f-405c-a40d-83ee9bafbaa7,2026-10-06T09:01:30.212221+00:00,50.0,46.5,2.5,0.5,600.0,10.0,2.5,50.0,3.0,A,0.6355,APPROVE
R1,GK-05,100,6d1a6b4c-095f-405c-a40d-83ee9bafbaa7,2026-10-06T09:01:30.212221+00:00,50.0,46.5,5.0,0.5,600.0,10.0,2.5,50.0,3.0,A,0.6712,APPROVE
R1,GK-05,101,6d1a6b4c-095f-405c-a40d-83ee9bafbaa7,2026-10-06T09:01:30.212221+00:00,50.0,46.5,7.5,0.5,600.0,10.0,2.5,50.0,3.0,A,0.736,APPROVE
R1,GK-05,102,6d1a6b4c-095f-405c-a40d-83ee9bafbaa7,2026-10-06T09:01:30.212221+00:00,50.0,65.0,20.0,0.5,600.0,10.0,2.5,50.0,3.0,A,0.7623,APPROVE
R1,GK-05,103,6d1a6b4c-095f-405c-a40d-83ee9bafbaa7,2026-10-06T09:01:30.212221+00:00,50.0,70.0,20.0,0.5,600.0,10.0,2.5,50.0,3.0,A,0.7542,APPROVE
R1,GK-05,104,6d1a6b4c-095f-405c-a40d-83ee9bafbaa7,2026-10-06T09:01:30.212221+00:00,50.0,46.5,20.0,0.5,600.0,10.0,2.8,50.0,3.0,A,0.7724,APPROVE
R1,GK-05,105,6d1a6b4c-095f-405c-a40d-83ee9bafbaa7,2026-10-06T09:01:30.212221+00:00,0.0,46.5,20.0,1.0,600.0,10.0,2.5,50.0,6.0,C,0.8044,APPROVE
R1,GK-05,106,6d1a6b4c-095f-405c-a40d-83ee9bafbaa7,2026-10-06T09:01:30.212221+00:00,100.0,46.5,20.0,0.0,600.0,10.0,2.5,50.0,0.0,B,0.813,APPROVE
R1,GK-05,107,6d1a6b4c-095f-405c-a40d-83ee9bafbaa7,2026-10-06T09:01:30.212221+00:00,50.0,53.625,15.0,0.5,675.0,7.5,3.125,62.5,3.0,A,0.4595,APPROVE
R1,GK-05,108,be460697-6747-4a60-9eb4-1bc2128cb07f,2026-10-06T09:07:19.216910+00:00,50.0,71.0,20.0,0.5,600.0,10.0,2.5,50.0,3.0,A,0.7447,APPROVE
R1,GK-05,109,be460697-6747-4a60-9eb4-1bc2128cb07f,2026-10-06T09:07:19.216910+00:00,50.0,72.0,20.0,0.5,600.0,10.0,2.5,50.0,3.0,A,0.7247,APPROVE
R1,GK-05,110,be460697-6747-4a60-9eb4-1bc2128cb07f,2026-10-06T09:07:19.216910+00:00,50.0,73.0,20.0,0.5,600.0,10.0,2.5,50.0,3.0,A,0.7093,APPROVE
R1,GK-05,111,be460697-6747-4a60-9eb4-1bc2128cb07f,2026-10-06T09:07:19.216910+00:00,50.0,74.0,20.0,0.5,600.0,10.0,2.5,50.0,3.0,A,0.6882,APPROVE
R1,GK-05,112,be460697-6747-4a60-9eb4-1bc2128cb07f,2026-10-06T09:07:19.216910+00:00,50.0,46.5,20.0,0.5,600.0,10.0,2.55,50.0,3.0,A,0.8194,APPROVE
R1,GK-05,113,be460697-6747-4a60-9eb4-1bc2128cb07f,2026-10-06T09:07:19.216910+00:00,50.0,46.5,20.0,0.5,600.0,10.0,2.65,50.0,3.0,A,0.7963,APPROVE
R1,GK-05,114,be460697-6747-4a60-9eb4-1bc2128cb07f,2026-10-06T09:07:19.216910+00:00,50.0,46.5,20.0,0.5,600.0,10.0,2.7,50.0,3.0,A,0.7865,APPROVE
R1,GK-05,115,be460697-6747-4a60-9eb4-1bc2128cb07f,2026-10-06T09:07:19.216910+00:00,50.0,46.5,20.0,0.5,600.0,10.0,2.75,50.0,3.0,A,0.7704,APPROVE
R1,GK-05,116,be460697-6747-4a60-9eb4-1bc2128cb07f,2026-10-06T09:07:19.216910+00:00,50.0,46.5,20.0,0.5,600.0,10.0,2.9,50.0,3.0,A,0.7558,APPROVE
R1,GK-05,117,be460697-6747-4a60-9eb4-1bc2128cb07f,2026-10-06T09:07:19.216910+00:00,50.0,46.5,25.0,0.5,600.0,10.0,2.5,50.0,3.0,A,0.8248,APPROVE
R1,GK-05,118,be460697-6747-4a60-9eb4-1bc2128cb07f,2026-10-06T09:07:19.216910+00:00,50.0,46.5,35.0,0.5,600.0,10.0,2.5,50.0,3.0,A,0.833,APPROVE
R1,GK-05,119,be460697-6747-4a60-9eb4-1bc2128cb07f,2026-10-06T09:07:19.216910+00:00,50.0,46.5,20.0,0.5,525.0,10.0,2.5,50.0,3.0,A,0.8721,APPROVE
R1,GK-05,120,be460697-6747-4a60-9eb4-1bc2128cb07f,2026-10-06T09:07:19.216910+00:00,50.0,46.5,20.0,0.5,675.0,10.0,2.5,50.0,3.0,A,0.7124,APPROVE
R1,GK-05,121,be460697-6747-4a60-9eb4-1bc2128cb07f,2026-10-06T09:07:19.216910+00:00,50.0,46.5,20.0,0.5,825.0,10.0,2.5,50.0,3.0,A,0.5822,APPROVE
R1,GK-05,122,be460697-6747-4a60-9eb4-1bc2128cb07f,2026-10-06T09:07:19.216910+00:00,50.0,46.5,20.0,0.5,600.0,2.5,2.5,50.0,3.0,A,0.6345,APPROVE
R1,GK-05,123,be460697-6747-4a60-9eb4-1bc2128cb07f,2026-10-06T09:07:19.216910+00:00,50.0,46.5,20.0,0.5,600.0,7.5,2.5,50.0,3.0,A,0.7825,APPROVE
R1,GK-05,124,be460697-6747-4a60-9eb4-1bc2128cb07f,2026-10-06T09:07:19.216910+00:00,50.0,46.5,20.0,0.5,600.0,17.5,2.5,50.0,3.0,A,0.8898,APPROVE
R1,GK-05,125,be460697-6747-4a60-9eb4-1bc2128cb07f,2026-10-06T09:07:19.216910+00:00,50.0,46.5,20.0,0.5,600.0,10.0,2.5,10.0,3.0,A,0.828,APPROVE
R1,GK-05,126,be460697-6747-4a60-9eb4-1bc2128cb07f,2026-10-06T09:07:19.216910+00:00,50.0,46.5,20.0,0.5,600.0,10.0,2.5,37.5,3.0,A,0.8239,APPROVE
R1,GK-05,127,be460697-6747-4a60-9eb4-1bc2128cb07f,2026-10-06T09:07:19.216910+00:00,50.0,46.5,20.0,0.5,600.0,10.0,2.5,62.5,3.0,A,0.8068,APPROVE
R1,GK-05,128,be460697-6747-4a60-9eb4-1bc2128cb07f,2026-10-06T09:07:19.216910+00:00,50.0,46.5,20.0,0.5,600.0,10.0,2.5,87.5,3.0,A,0.762,APPROVE
R1,GK-05,129,be460697-6747-4a60-9eb4-1bc2128cb07f,2026-10-06T09:07:19.216910+00:00,50.0,46.5,20.0,0.5,300.0,0.0,2.5,50.0,3.0,A,0.7802,APPROVE
R1,GK-05,130,be460697-6747-4a60-9eb4-1bc2128cb07f,2026-10-06T09:07:19.216910+00:00,50.0,46.5,20.0,0.5,300.0,20.0,2.5,50.0,3.0,A,0.9548,APPROVE
R1,GK-05,131,be460697-6747-4a60-9eb4-1bc2128cb07f,2026-10-06T09:07:19.216910+00:00,50.0,46.5,20.0,0.5,900.0,0.0,2.5,50.0,3.0,A,0.334,DECLINE
R1,GK-05,132,be460697-6747-4a60-9eb4-1bc2128cb07f,2026-10-06T09:07:19.216910+00:00,50.0,46.5,20.0,0.5,900.0,20.0,2.5,50.0,3.0,A,0.7014,APPROVE
R1,GK-05,133,9c620098-50de-4be8-8122-e79a6a63587e,2026-10-06T09:07:43.023766+00:00,50.0,46.5,20.0,0.5,615.0,10.0,2.5,50.0,3.0,A,0.8133,APPROVE
R1,GK-05,134,9c620098-50de-4be8-8122-e79a6a63587e,2026-10-06T09:07:43.023766+00:00,50.0,46.5,20.0,0.5,630.0,10.0,2.5,50.0,3.0,A,0.7821,APPROVE
R1,GK-05,135,9c620098-50de-4be8-8122-e79a6a63587e,2026-10-06T09:07:43.023766+00:00,50.0,46.5,20.0,0.5,645.0,10.0,2.5,50.0,3.0,A,0.7777,APPROVE
R1,GK-05,136,9c620098-50de-4be8-8122-e79a6a63587e,2026-10-06T09:07:43.023766+00:00,50.0,46.5,20.0,0.5,660.0,10.0,2.5,50.0,3.0,A,0.7598,APPROVE
R1,GK-05,137,9c620098-50de-4be8-8122-e79a6a63587e,2026-10-06T09:07:43.023766+00:00,50.0,50.775,17.0,0.5,645.0,8.5,2.5,57.5,3.0,A,0.6394,APPROVE
R1,GK-05,138,9c620098-50de-4be8-8122-e79a6a63587e,2026-10-06T09:07:43.023766+00:00,50.0,50.775,17.0,0.5,645.0,8.5,2.6,57.5,3.0,A,0.6332,APPROVE
R1,GK-05,139,9c620098-50de-4be8-8122-e79a6a63587e,2026-10-06T09:07:43.023766+00:00,50.0,50.775,17.0,0.5,645.0,8.5,2.7,57.5,3.0,A,0.6206,APPROVE
R1,GK-05,140,9c620098-50de-4be8-8122-e79a6a63587e,2026-10-06T09:07:43.023766+00:00,50.0,65.0,17.0,0.5,645.0,8.5,2.875,57.5,3.0,A,0.4647,APPROVE
R1,GK-05,141,9c620098-50de-4be8-8122-e79a6a63587e,2026-10-06T09:07:43.023766+00:00,50.0,70.0,17.0,0.5,645.0,8.5,2.875,57.5,3.0,A,0.4603,APPROVE
R1,GK-05,142,9c620098-50de-4be8-8122-e79a6a63587e,2026-10-06T09:07:43.023766+00:00,50.0,72.0,17.0,0.5,645.0,8.5,2.875,57.5,3.0,A,0.4541,APPROVE
R1,GK-05,143,06ce6c0e-61a1-4316-afef-c47c2d343298,2026-10-06T09:08:06.412889+00:00,50.0,55.0,17.0,0.5,645.0,8.5,2.875,57.5,3.0,A,0.5957,APPROVE
R1,GK-05,144,06ce6c0e-61a1-4316-afef-c47c2d343298,2026-10-06T09:08:06.412889+00:00,50.0,60.0,17.0,0.5,645.0,8.5,2.875,57.5,3.0,A,0.5159,APPROVE
R1,GK-05,145,06ce6c0e-61a1-4316-afef-c47c2d343298,2026-10-06T09:08:06.412889+00:00,50.0,55.0,20.0,0.5,600.0,10.0,2.5,50.0,3.0,A,0.8091,APPROVE
