anomaly_ratio,badge_age_days,clearance_level,escorts,history_score,linked_badges,recent_denials,requested_zone,tenure_years,site,score,decision,origin,round,query_index,source,tag
0.5,46.5,50.0,3.0,600.0,10.0,2.5,50.0,20.0,A,0.8213,APPROVE,own,R1,1,R1-q1,
0.5,46.5,50.0,3.0,600.0,10.0,2.5,50.0,20.0,A,0.8213,APPROVE,own,R1,2,R1-q2,
0.0,46.5,50.0,3.0,600.0,10.0,2.5,50.0,20.0,A,0.8213,APPROVE,own,R1,3,R1-q3,
0.25,46.5,50.0,3.0,600.0,10.0,2.5,50.0,20.0,A,0.8213,APPROVE,own,R1,4,R1-q4,
0.75,46.5,50.0,3.0,600.0,10.0,2.5,50.0,20.0,A,0.8213,APPROVE,own,R1,5,R1-q5,
1.0,46.5,50.0,3.0,600.0,10.0,2.5,50.0,20.0,A,0.8213,APPROVE,own,R1,6,R1-q6,
0.5,18.0,50.0,3.0,600.0,10.0,2.5,50.0,20.0,A,0.8725,APPROVE,own,R1,7,R1-q7,
0.5,32.25,50.0,3.0,600.0,10.0,2.5,50.0,20.0,A,0.8526,APPROVE,own,R1,8,R1-q8,
0.5,60.75,50.0,3.0,600.0,10.0,2.5,50.0,20.0,A,0.7855,APPROVE,own,R1,9,R1-q9,
0.5,75.0,50.0,3.0,600.0,10.0,2.5,50.0,20.0,A,0.691,APPROVE,own,R1,10,R1-q10,
0.5,46.5,0.0,3.0,600.0,10.0,2.5,50.0,20.0,A,0.8213,APPROVE,own,R1,11,R1-q11,
0.5,46.5,25.0,3.0,600.0,10.0,2.5,50.0,20.0,A,0.8213,APPROVE,own,R1,12,R1-q12,
0.5,46.5,75.0,3.0,600.0,10.0,2.5,50.0,20.0,A,0.8213,APPROVE,own,R1,13,R1-q13,
0.5,46.5,100.0,3.0,600.0,10.0,2.5,50.0,20.0,A,0.8213,APPROVE,own,R1,14,R1-q14,
0.5,46.5,50.0,0.0,600.0,10.0,2.5,50.0,20.0,A,0.8213,APPROVE,own,R1,15,R1-q15,
0.5,46.5,50.0,1.5,600.0,10.0,2.5,50.0,20.0,A,0.8213,APPROVE,own,R1,16,R1-q16,
0.5,46.5,50.0,4.5,600.0,10.0,2.5,50.0,20.0,A,0.8213,APPROVE,own,R1,17,R1-q17,
0.5,46.5,50.0,6.0,600.0,10.0,2.5,50.0,20.0,A,0.8213,APPROVE,own,R1,18,R1-q18,
0.5,46.5,50.0,3.0,300.0,10.0,2.5,50.0,20.0,A,0.9316,APPROVE,own,R1,19,R1-q19,
0.5,46.5,50.0,3.0,450.0,10.0,2.5,50.0,20.0,A,0.8823,APPROVE,own,R1,20,R1-q20,
0.5,46.5,50.0,3.0,750.0,10.0,2.5,50.0,20.0,A,0.6792,APPROVE,own,R1,21,R1-q21,
0.5,46.5,50.0,3.0,900.0,10.0,2.5,50.0,20.0,A,0.5261,APPROVE,own,R1,22,R1-q22,
0.5,46.5,50.0,3.0,600.0,0.0,2.5,50.0,20.0,A,0.6223,APPROVE,own,R1,23,R1-q23,
0.5,46.5,50.0,3.0,600.0,5.0,2.5,50.0,20.0,A,0.7244,APPROVE,own,R1,24,R1-q24,
0.5,46.5,50.0,3.0,600.0,15.0,2.5,50.0,20.0,A,0.8739,APPROVE,own,R1,25,R1-q25,
0.5,46.5,50.0,3.0,600.0,20.0,2.5,50.0,20.0,A,0.9018,APPROVE,own,R1,26,R1-q26,
0.5,46.5,50.0,3.0,600.0,10.0,0.0,50.0,20.0,A,0.833,APPROVE,own,R1,27,R1-q27,
0.5,46.5,50.0,3.0,600.0,10.0,1.25,50.0,20.0,A,0.832,APPROVE,own,R1,28,R1-q28,
0.5,46.5,50.0,3.0,600.0,10.0,3.75,50.0,20.0,A,0.6979,APPROVE,own,R1,29,R1-q29,
0.5,46.5,50.0,3.0,600.0,10.0,5.0,50.0,20.0,A,0.6353,APPROVE,own,R1,30,R1-q30,
0.5,46.5,50.0,3.0,600.0,10.0,2.5,0.0,20.0,A,0.8192,APPROVE,own,R1,31,R1-q31,
0.5,46.5,50.0,3.0,600.0,10.0,2.5,25.0,20.0,A,0.8329,APPROVE,own,R1,32,R1-q32,
0.5,46.5,50.0,3.0,600.0,10.0,2.5,75.0,20.0,A,0.7843,APPROVE,own,R1,33,R1-q33,
0.5,46.5,50.0,3.0,600.0,10.0,2.5,100.0,20.0,A,0.7338,APPROVE,own,R1,34,R1-q34,
0.5,46.5,50.0,3.0,600.0,10.0,2.5,50.0,0.0,A,0.629,APPROVE,own,R1,35,R1-q35,
0.5,46.5,50.0,3.0,600.0,10.0,2.5,50.0,10.0,A,0.7921,APPROVE,own,R1,36,R1-q36,
0.5,46.5,50.0,3.0,600.0,10.0,2.5,50.0,30.0,A,0.8358,APPROVE,own,R1,37,R1-q37,
0.5,46.5,50.0,3.0,600.0,10.0,2.5,50.0,40.0,A,0.8184,APPROVE,own,R1,38,R1-q38,
0.5,46.5,50.0,3.0,600.0,10.0,2.5,50.0,20.0,B,0.813,APPROVE,own,R1,39,R1-q39,
0.5,46.5,50.0,3.0,600.0,10.0,2.5,50.0,20.0,C,0.8044,APPROVE,own,R1,40,R1-q40,
0.5,46.5,50.0,3.0,600.0,10.0,2.5,50.0,20.0,D,0.8034,APPROVE,own,R1,41,R1-q41,
0.5,75.0,50.0,3.0,900.0,0.0,5.0,100.0,0.0,D,0.0529,DECLINE,own,R1,42,R1-q42,
0.0,75.0,50.0,3.0,900.0,0.0,5.0,100.0,0.0,D,0.0529,DECLINE,own,R1,43,R1-q43,
1.0,75.0,50.0,3.0,900.0,0.0,5.0,100.0,0.0,D,0.0529,DECLINE,own,R1,44,R1-q44,
0.5,75.0,0.0,3.0,900.0,0.0,5.0,100.0,0.0,D,0.0529,DECLINE,own,R1,45,R1-q45,
0.5,75.0,100.0,3.0,900.0,0.0,5.0,100.0,0.0,D,0.0529,DECLINE,own,R1,46,R1-q46,
0.5,75.0,50.0,0.0,900.0,0.0,5.0,100.0,0.0,D,0.0529,DECLINE,own,R1,47,R1-q47,
0.5,75.0,50.0,6.0,900.0,0.0,5.0,100.0,0.0,D,0.0529,DECLINE,own,R1,48,R1-q48,
0.5,18.0,50.0,3.0,300.0,20.0,0.0,25.0,30.0,A,0.9829,APPROVE,own,R1,49,R1-q49,
0.0,18.0,50.0,3.0,300.0,20.0,0.0,25.0,30.0,A,0.9829,APPROVE,own,R1,50,R1-q50,
1.0,18.0,50.0,3.0,300.0,20.0,0.0,25.0,30.0,A,0.9829,APPROVE,own,R1,51,R1-q51,
0.5,18.0,0.0,3.0,300.0,20.0,0.0,25.0,30.0,A,0.9829,APPROVE,own,R1,52,R1-q52,
0.5,18.0,100.0,3.0,300.0,20.0,0.0,25.0,30.0,A,0.9829,APPROVE,own,R1,53,R1-q53,
0.5,18.0,50.0,0.0,300.0,20.0,0.0,25.0,30.0,A,0.9829,APPROVE,own,R1,54,R1-q54,
0.5,18.0,50.0,6.0,300.0,20.0,0.0,25.0,30.0,A,0.9829,APPROVE,own,R1,55,R1-q55,
1.0,46.5,0.0,0.0,600.0,10.0,2.5,50.0,20.0,A,0.8213,APPROVE,own,R1,56,R1-q56,
1.0,46.5,100.0,6.0,600.0,10.0,2.5,50.0,20.0,A,0.8213,APPROVE,own,R1,57,R1-q57,
0.0,46.5,100.0,0.0,600.0,10.0,2.5,50.0,20.0,A,0.8213,APPROVE,own,R1,58,R1-q58,
0.0,46.5,0.0,6.0,600.0,10.0,2.5,50.0,20.0,A,0.8213,APPROVE,own,R1,59,R1-q59,
0.5,46.5,50.0,3.0,600.0,10.0,2.0,50.0,20.0,A,0.8231,APPROVE,own,R1,60,R1-q60,
0.5,46.5,50.0,3.0,600.0,10.0,2.4,50.0,20.0,A,0.819,APPROVE,own,R1,61,R1-q61,
0.5,46.5,50.0,3.0,600.0,10.0,2.6,50.0,20.0,A,0.8076,APPROVE,own,R1,62,R1-q62,
0.5,46.5,50.0,3.0,600.0,10.0,3.0,50.0,20.0,A,0.7509,APPROVE,own,R1,63,R1-q63,
0.5,46.5,50.0,3.0,600.0,10.0,3.4,50.0,20.0,A,0.7347,APPROVE,own,R1,64,R1-q64,
0.5,57.9,50.0,3.0,720.0,6.0,3.5,70.0,12.0,A,0.2656,DECLINE,own,R1,65,R1-q65,
0.5,62.175,50.0,3.0,765.0,4.5,3.875,77.5,9.0,A,0.1074,DECLINE,own,R1,66,R1-q66,
0.5,66.45,50.0,3.0,810.0,3.0,4.25,85.0,6.0,A,0.0562,DECLINE,own,R1,67,R1-q67,
0.5,70.725,50.0,3.0,855.0,1.5,4.625,92.5,3.0,A,0.0453,DECLINE,own,R1,68,R1-q68,
0.5,75.0,50.0,3.0,900.0,0.0,5.0,100.0,0.0,A,0.0581,DECLINE,own,R1,69,R1-q69,
0.5,50.775,50.0,3.0,645.0,8.5,2.875,57.5,17.0,A,0.5803,APPROVE,own,R1,70,R1-q70,
0.5,53.625,50.0,3.0,675.0,7.5,3.125,62.5,15.0,A,0.4595,APPROVE,own,R1,71,R1-q71,
0.5,55.05,50.0,3.0,690.0,7.0,3.25,65.0,14.0,A,0.4082,DECLINE,own,R1,72,R1-q72,
0.5,56.475,50.0,3.0,705.0,6.5,3.375,67.5,13.0,A,0.3532,DECLINE,own,R1,73,R1-q73,
0.5,54.0525,50.0,3.0,679.5,7.35,3.1625,63.25,14.7,A,0.4404,DECLINE,own,R1,74,R1-q74,
0.5,54.480000000000004,50.0,3.0,684.0,7.199999999999999,3.2,64.0,14.399999999999999,A,0.4304,DECLINE,own,R1,75,R1-q75,
0.5,54.765,50.0,3.0,687.0,7.1,3.225,64.5,14.2,A,0.4099,DECLINE,own,R1,76,R1-q76,
0.5,46.5,50.0,3.0,840.0,2.0,2.5,50.0,20.0,A,0.3809,DECLINE,own,R1,77,R1-q77,
0.5,46.5,50.0,3.0,870.0,1.0,2.5,50.0,20.0,A,0.3366,DECLINE,own,R1,78,R1-q78,
0.5,46.5,50.0,3.0,900.0,0.0,2.5,50.0,20.0,A,0.334,DECLINE,own,R1,79,R1-q79,
0.5,50.775,50.0,3.0,645.0,8.5,2.875,57.5,0.0,A,0.3846,DECLINE,own,R1,80,R1-q80,
0.5,50.775,50.0,3.0,645.0,8.5,2.875,57.5,10.0,A,0.5302,APPROVE,own,R1,81,R1-q81,
0.5,50.775,50.0,3.0,645.0,8.5,2.875,57.5,30.0,A,0.6432,APPROVE,own,R1,82,R1-q82,
0.5,50.775,50.0,3.0,645.0,8.5,2.875,57.5,40.0,A,0.628,APPROVE,own,R1,83,R1-q83,
0.5,50.775,50.0,3.0,645.0,8.5,2.875,0.0,17.0,A,0.6359,APPROVE,own,R1,84,R1-q84,
0.5,50.775,50.0,3.0,645.0,8.5,2.875,25.0,17.0,A,0.6379,APPROVE,own,R1,85,R1-q85,
0.5,50.775,50.0,3.0,645.0,8.5,2.875,75.0,17.0,A,0.5474,APPROVE,own,R1,86,R1-q86,
0.5,50.775,50.0,3.0,645.0,8.5,2.875,100.0,17.0,A,0.4999,APPROVE,own,R1,87,R1-q87,
0.5,50.775,50.0,3.0,300.0,8.5,2.875,57.5,17.0,A,0.878,APPROVE,own,R1,88,R1-q88,
0.5,50.775,50.0,3.0,900.0,8.5,2.875,57.5,17.0,A,0.42,DECLINE,own,R1,89,R1-q89,
0.5,50.775,50.0,3.0,645.0,0.0,2.875,57.5,17.0,A,0.3574,DECLINE,own,R1,90,R1-q90,
0.5,50.775,50.0,3.0,645.0,20.0,2.875,57.5,17.0,A,0.8366,APPROVE,own,R1,91,R1-q91,
0.5,18.0,50.0,3.0,645.0,8.5,2.875,57.5,17.0,A,0.6912,APPROVE,own,R1,92,R1-q92,
0.5,75.0,50.0,3.0,645.0,8.5,2.875,57.5,17.0,A,0.4466,DECLINE,own,R1,93,R1-q93,
0.5,50.775,50.0,3.0,645.0,8.5,0.0,57.5,17.0,A,0.6838,APPROVE,own,R1,94,R1-q94,
0.5,50.775,50.0,3.0,645.0,8.5,5.0,57.5,17.0,A,0.4382,DECLINE,own,R1,95,R1-q95,
0.5,50.775,50.0,3.0,645.0,8.5,2.875,57.5,17.0,B,0.573,APPROVE,own,R1,96,R1-q96,
0.5,50.775,50.0,3.0,645.0,8.5,2.875,57.5,17.0,C,0.5715,APPROVE,own,R1,97,R1-q97,
0.5,50.775,50.0,3.0,645.0,8.5,2.875,57.5,17.0,D,0.5655,APPROVE,own,R1,98,R1-q98,
0.5,46.5,50.0,3.0,600.0,10.0,2.5,50.0,2.5,A,0.6355,APPROVE,own,R1,99,R1-q99,
0.5,46.5,50.0,3.0,600.0,10.0,2.5,50.0,5.0,A,0.6712,APPROVE,own,R1,100,R1-q100,
0.5,46.5,50.0,3.0,600.0,10.0,2.5,50.0,7.5,A,0.736,APPROVE,own,R1,101,R1-q101,
0.5,65.0,50.0,3.0,600.0,10.0,2.5,50.0,20.0,A,0.7623,APPROVE,own,R1,102,R1-q102,
0.5,70.0,50.0,3.0,600.0,10.0,2.5,50.0,20.0,A,0.7542,APPROVE,own,R1,103,R1-q103,
0.5,46.5,50.0,3.0,600.0,10.0,2.8,50.0,20.0,A,0.7724,APPROVE,own,R1,104,R1-q104,
1.0,46.5,0.0,6.0,600.0,10.0,2.5,50.0,20.0,C,0.8044,APPROVE,own,R1,105,R1-q105,
0.0,46.5,100.0,0.0,600.0,10.0,2.5,50.0,20.0,B,0.813,APPROVE,own,R1,106,R1-q106,
0.5,53.625,50.0,3.0,675.0,7.5,3.125,62.5,15.0,A,0.4595,APPROVE,own,R1,107,R1-q107,
0.5,71.0,50.0,3.0,600.0,10.0,2.5,50.0,20.0,A,0.7447,APPROVE,own,R1,108,R1-q108,
0.5,72.0,50.0,3.0,600.0,10.0,2.5,50.0,20.0,A,0.7247,APPROVE,own,R1,109,R1-q109,
0.5,73.0,50.0,3.0,600.0,10.0,2.5,50.0,20.0,A,0.7093,APPROVE,own,R1,110,R1-q110,
0.5,74.0,50.0,3.0,600.0,10.0,2.5,50.0,20.0,A,0.6882,APPROVE,own,R1,111,R1-q111,
0.5,46.5,50.0,3.0,600.0,10.0,2.55,50.0,20.0,A,0.8194,APPROVE,own,R1,112,R1-q112,
0.5,46.5,50.0,3.0,600.0,10.0,2.65,50.0,20.0,A,0.7963,APPROVE,own,R1,113,R1-q113,
0.5,46.5,50.0,3.0,600.0,10.0,2.7,50.0,20.0,A,0.7865,APPROVE,own,R1,114,R1-q114,
0.5,46.5,50.0,3.0,600.0,10.0,2.75,50.0,20.0,A,0.7704,APPROVE,own,R1,115,R1-q115,
0.5,46.5,50.0,3.0,600.0,10.0,2.9,50.0,20.0,A,0.7558,APPROVE,own,R1,116,R1-q116,
0.5,46.5,50.0,3.0,600.0,10.0,2.5,50.0,25.0,A,0.8248,APPROVE,own,R1,117,R1-q117,
0.5,46.5,50.0,3.0,600.0,10.0,2.5,50.0,35.0,A,0.833,APPROVE,own,R1,118,R1-q118,
0.5,46.5,50.0,3.0,525.0,10.0,2.5,50.0,20.0,A,0.8721,APPROVE,own,R1,119,R1-q119,
0.5,46.5,50.0,3.0,675.0,10.0,2.5,50.0,20.0,A,0.7124,APPROVE,own,R1,120,R1-q120,
0.5,46.5,50.0,3.0,825.0,10.0,2.5,50.0,20.0,A,0.5822,APPROVE,own,R1,121,R1-q121,
0.5,46.5,50.0,3.0,600.0,2.5,2.5,50.0,20.0,A,0.6345,APPROVE,own,R1,122,R1-q122,
0.5,46.5,50.0,3.0,600.0,7.5,2.5,50.0,20.0,A,0.7825,APPROVE,own,R1,123,R1-q123,
0.5,46.5,50.0,3.0,600.0,17.5,2.5,50.0,20.0,A,0.8898,APPROVE,own,R1,124,R1-q124,
0.5,46.5,50.0,3.0,600.0,10.0,2.5,10.0,20.0,A,0.828,APPROVE,own,R1,125,R1-q125,
0.5,46.5,50.0,3.0,600.0,10.0,2.5,37.5,20.0,A,0.8239,APPROVE,own,R1,126,R1-q126,
0.5,46.5,50.0,3.0,600.0,10.0,2.5,62.5,20.0,A,0.8068,APPROVE,own,R1,127,R1-q127,
0.5,46.5,50.0,3.0,600.0,10.0,2.5,87.5,20.0,A,0.762,APPROVE,own,R1,128,R1-q128,
0.5,46.5,50.0,3.0,300.0,0.0,2.5,50.0,20.0,A,0.7802,APPROVE,own,R1,129,R1-q129,
0.5,46.5,50.0,3.0,300.0,20.0,2.5,50.0,20.0,A,0.9548,APPROVE,own,R1,130,R1-q130,
0.5,46.5,50.0,3.0,900.0,0.0,2.5,50.0,20.0,A,0.334,DECLINE,own,R1,131,R1-q131,
0.5,46.5,50.0,3.0,900.0,20.0,2.5,50.0,20.0,A,0.7014,APPROVE,own,R1,132,R1-q132,
0.5,46.5,50.0,3.0,615.0,10.0,2.5,50.0,20.0,A,0.8133,APPROVE,own,R1,133,R1-q133,
0.5,46.5,50.0,3.0,630.0,10.0,2.5,50.0,20.0,A,0.7821,APPROVE,own,R1,134,R1-q134,
0.5,46.5,50.0,3.0,645.0,10.0,2.5,50.0,20.0,A,0.7777,APPROVE,own,R1,135,R1-q135,
0.5,46.5,50.0,3.0,660.0,10.0,2.5,50.0,20.0,A,0.7598,APPROVE,own,R1,136,R1-q136,
0.5,50.775,50.0,3.0,645.0,8.5,2.5,57.5,17.0,A,0.6394,APPROVE,own,R1,137,R1-q137,
0.5,50.775,50.0,3.0,645.0,8.5,2.6,57.5,17.0,A,0.6332,APPROVE,own,R1,138,R1-q138,
0.5,50.775,50.0,3.0,645.0,8.5,2.7,57.5,17.0,A,0.6206,APPROVE,own,R1,139,R1-q139,
0.5,65.0,50.0,3.0,645.0,8.5,2.875,57.5,17.0,A,0.4647,APPROVE,own,R1,140,R1-q140,
0.5,70.0,50.0,3.0,645.0,8.5,2.875,57.5,17.0,A,0.4603,APPROVE,own,R1,141,R1-q141,
0.5,72.0,50.0,3.0,645.0,8.5,2.875,57.5,17.0,A,0.4541,APPROVE,own,R1,142,R1-q142,
0.5,55.0,50.0,3.0,645.0,8.5,2.875,57.5,17.0,A,0.5957,APPROVE,own,R1,143,R1-q143,
0.5,60.0,50.0,3.0,645.0,8.5,2.875,57.5,17.0,A,0.5159,APPROVE,own,R1,144,R1-q144,
0.5,55.0,50.0,3.0,600.0,10.0,2.5,50.0,20.0,A,0.8091,APPROVE,own,R1,145,R1-q145,
0.5,18.0,50.0,3.0,300.0,20.0,0.0,25.0,32.0,A,0.9833,APPROVE,own,R1,146,R1-q146,
0.5,18.0,50.0,3.0,300.0,20.0,0.0,20.0,30.0,A,0.9838,APPROVE,own,R1,147,R1-q147,
0.5,18.0,50.0,3.0,300.0,20.0,0.0,30.0,30.0,A,0.9831,APPROVE,own,R1,148,R1-q148,
0.5,18.0,50.0,3.0,300.0,20.0,0.0,20.0,33.0,A,0.984,APPROVE,own,R1,149,R1-q149,
0.5,18.0,50.0,3.0,300.0,20.0,0.0,15.0,33.0,A,0.9849,APPROVE,own,R1,150,R1-q150,
0.0,23.0,75.0,0.0,349.0,18.0,0.0,4.5,22.0,B,0.9945,APPROVE,own,R2,1,R2-q1,
0.0,24.0,100.0,6.0,350.0,19.0,0.0,37.0,34.0,A,0.9922,APPROVE,own,R2,2,R2-q2,
0.0,23.0,75.0,0.0,349.0,17.0,0.0,4.5,22.0,B,0.9939,APPROVE,own,R2,3,R2-q3,
0.0,23.0,75.0,0.0,349.0,16.0,0.0,4.5,22.0,B,0.9942,APPROVE,own,R2,4,R2-q4,
0.0,23.0,75.0,0.0,349.0,18.0,0.0,4.5,27.0,B,0.993,APPROVE,own,R2,5,R2-q5,
0.0,23.0,75.0,0.0,349.0,18.0,0.0,4.5,32.0,B,0.993,APPROVE,own,R2,6,R2-q6,
0.0,18.0,75.0,0.0,349.0,18.0,0.0,4.5,22.0,B,0.992,APPROVE,own,R2,7,R2-q7,
0.0,20.5,75.0,0.0,349.0,18.0,0.0,4.5,22.0,B,0.9939,APPROVE,own,R2,8,R2-q8,
0.0,23.0,75.0,0.0,330.0,18.0,0.0,4.5,22.0,B,0.9942,APPROVE,own,R2,9,R2-q9,
0.0,23.0,75.0,0.0,370.0,18.0,0.0,4.5,22.0,B,0.994,APPROVE,own,R2,10,R2-q10,
0.0,23.0,75.0,0.0,349.0,18.0,0.0,0.0,22.0,B,0.9891,APPROVE,own,R2,11,R2-q11,
0.0,23.0,75.0,0.0,349.0,18.0,0.0,12.0,22.0,B,0.9946,APPROVE,own,R2,12,R2-q12,
0.0,23.0,75.0,0.0,349.0,18.0,0.0,4.5,22.0,A,0.9939,APPROVE,own,R2,13,R2-q13,
0.0,23.0,75.0,0.0,349.0,18.0,0.0,8.0,22.0,B,0.9943,APPROVE,own,R2,14,R2-q14,
0.0,23.0,75.0,0.0,349.0,18.0,0.0,16.0,22.0,B,0.9948,APPROVE,own,R2,15,R2-q15,
0.0,23.0,75.0,0.0,349.0,18.0,0.0,20.0,22.0,B,0.9934,APPROVE,own,R2,16,R2-q16,
0.0,25.0,75.0,0.0,349.0,18.0,0.0,12.0,22.0,B,0.9938,APPROVE,own,R2,17,R2-q17,
0.0,27.0,75.0,0.0,349.0,18.0,0.0,12.0,22.0,B,0.9921,APPROVE,own,R2,18,R2-q18,
0.0,23.0,75.0,0.0,349.0,18.0,0.0,12.0,19.0,B,0.9941,APPROVE,own,R2,19,R2-q19,
0.0,23.0,75.0,0.0,349.0,18.0,0.0,12.0,24.0,B,0.9942,APPROVE,own,R2,20,R2-q20,
0.0,23.0,75.0,0.0,349.0,18.0,0.0,12.0,22.0,C,0.9924,APPROVE,own,R2,21,R2-q21,
0.0,23.0,75.0,0.0,349.0,18.0,0.0,12.0,22.0,D,0.9881,APPROVE,own,R2,22,R2-q22,
1.0,23.0,75.0,0.0,349.0,18.0,0.0,16.0,22.0,B,0.9948,APPROVE,own,R2,23,R2-q23,
0.0,23.0,0.0,0.0,349.0,18.0,0.0,16.0,22.0,B,0.9948,APPROVE,own,R2,24,R2-q24,
0.0,23.0,75.0,6.0,349.0,18.0,0.0,16.0,22.0,B,0.9948,APPROVE,own,R2,25,R2-q25,
0.0,23.0,75.0,0.0,349.0,18.0,0.5,16.0,22.0,B,0.9966,APPROVE,own,R2,26,R2-q26,
0.0,23.0,75.0,0.0,349.0,18.0,0.25,16.0,22.0,B,0.9962,APPROVE,own,R2,27,R2-q27,
0.0,23.0,75.0,0.0,349.0,18.0,0.75,16.0,22.0,B,0.9958,APPROVE,own,R2,28,R2-q28,
0.0,23.0,75.0,0.0,349.0,18.0,1.0,16.0,22.0,B,0.994,APPROVE,own,R2,29,R2-q29,
0.0,23.0,75.0,0.0,349.0,18.0,1.25,16.0,22.0,B,0.9959,APPROVE,own,R2,30,R2-q30,
0.0,23.0,75.0,0.0,349.0,18.0,1.5,16.0,22.0,B,0.9926,APPROVE,own,R2,31,R2-q31,
0.0,23.0,75.0,0.0,349.0,18.0,2.0,16.0,22.0,B,0.994,APPROVE,own,R2,32,R2-q32,
0.0,23.0,75.0,0.0,349.0,18.0,0.4,16.0,22.0,B,0.9963,APPROVE,own,R2,33,R2-q33,
0.0,23.0,75.0,0.0,349.0,18.0,0.6,16.0,22.0,B,0.996,APPROVE,own,R2,34,R2-q34,
0.0,23.0,75.0,0.0,349.0,18.0,0.5,14.0,22.0,B,0.9968,APPROVE,own,R2,35,R2-q35,
0.0,23.0,75.0,0.0,349.0,18.0,0.5,18.0,22.0,B,0.9968,APPROVE,own,R2,36,R2-q36,
0.0,22.0,75.0,0.0,349.0,18.0,0.5,16.0,22.0,B,0.9961,APPROVE,own,R2,37,R2-q37,
0.0,24.0,75.0,0.0,349.0,18.0,0.5,16.0,22.0,B,0.9962,APPROVE,own,R2,38,R2-q38,
0.0,23.0,75.0,0.0,349.0,18.0,0.5,16.0,21.0,B,0.9966,APPROVE,own,R2,39,R2-q39,
0.0,23.0,75.0,0.0,349.0,18.0,0.5,16.0,23.0,B,0.9965,APPROVE,own,R2,40,R2-q40,
0.0,23.0,75.0,0.0,340.0,18.0,0.5,16.0,22.0,B,0.9958,APPROVE,own,R2,41,R2-q41,
0.0,23.0,75.0,0.0,358.0,18.0,0.5,16.0,22.0,B,0.9962,APPROVE,own,R2,42,R2-q42,
0.0,23.0,75.0,0.0,349.0,17.5,0.5,16.0,22.0,B,0.996,APPROVE,own,R2,43,R2-q43,
0.0,23.0,75.0,0.0,349.0,19.0,0.5,16.0,22.0,B,0.9961,APPROVE,own,R2,44,R2-q44,
0.0,18.0,75.0,0.0,349.0,18.0,0.5,14.0,22.0,B,0.9942,APPROVE,own,R2,45,R2-q45,
0.0,18.0,75.0,0.0,600.0,18.0,0.5,14.0,22.0,B,0.9769,APPROVE,own,R2,46,R2-q46,
0.0,23.0,75.0,0.0,600.0,18.0,0.5,14.0,22.0,B,0.9802,APPROVE,own,R2,47,R2-q47,
0.0,18.0,75.0,0.0,349.0,10.0,0.5,14.0,22.0,B,0.9824,APPROVE,own,R2,48,R2-q48,
0.0,23.0,75.0,0.0,349.0,10.0,0.5,14.0,22.0,B,0.9814,APPROVE,own,R2,49,R2-q49,
0.0,18.0,75.0,0.0,349.0,18.0,2.5,14.0,22.0,B,0.9812,APPROVE,own,R2,50,R2-q50,
0.0,23.0,75.0,0.0,349.0,18.0,2.5,14.0,22.0,B,0.9882,APPROVE,own,R2,51,R2-q51,
0.0,18.0,75.0,0.0,349.0,18.0,0.5,50.0,22.0,B,0.977,APPROVE,own,R2,52,R2-q52,
0.0,23.0,75.0,0.0,349.0,18.0,0.5,50.0,22.0,B,0.9801,APPROVE,own,R2,53,R2-q53,
0.0,18.0,75.0,0.0,349.0,18.0,0.5,14.0,22.0,A,0.9936,APPROVE,own,R2,54,R2-q54,
0.0,23.0,75.0,0.0,349.0,18.0,0.5,14.0,22.0,A,0.9962,APPROVE,own,R2,55,R2-q55,
0.0,24.0,75.0,0.0,349.0,19.0,0.5,14.0,22.0,B,0.996,APPROVE,own,R2,56,R2-q56,
0.0,25.0,75.0,0.0,349.0,19.0,0.5,14.0,22.0,B,0.9961,APPROVE,own,R2,57,R2-q57,
0.0,25.0,75.0,0.0,349.0,20.0,0.5,14.0,22.0,B,0.9906,APPROVE,own,R2,58,R2-q58,
0.0,27.0,75.0,0.0,349.0,20.0,0.5,14.0,22.0,B,0.9904,APPROVE,own,R2,59,R2-q59,
0.0,21.0,75.0,0.0,349.0,17.0,0.5,14.0,22.0,B,0.9948,APPROVE,own,R2,60,R2-q60,
0.0,20.0,75.0,0.0,349.0,16.0,0.5,14.0,22.0,B,0.9954,APPROVE,own,R2,61,R2-q61,
0.0,23.0,75.0,0.0,349.0,18.0,0.5,13.0,22.0,B,0.9968,APPROVE,own,R2,62,R2-q62,
0.0,23.0,75.0,0.0,349.0,18.0,0.5,15.0,22.0,B,0.9958,APPROVE,own,R2,63,R2-q63,
0.0,23.0,75.0,0.0,349.0,18.0,0.5,17.0,22.0,B,0.9968,APPROVE,own,R2,64,R2-q64,
0.0,23.0,75.0,0.0,349.0,18.0,0.45,14.0,22.0,B,0.9967,APPROVE,own,R2,65,R2-q65,
0.0,23.0,75.0,0.0,349.0,18.0,0.55,14.0,22.0,B,0.9966,APPROVE,own,R2,66,R2-q66,
0.0,23.0,75.0,0.0,345.0,18.0,0.5,14.0,22.0,B,0.9967,APPROVE,own,R2,67,R2-q67,
0.0,23.0,75.0,0.0,353.0,18.0,0.5,14.0,22.0,B,0.9964,APPROVE,own,R2,68,R2-q68,
0.0,22.5,75.0,0.0,349.0,18.0,0.5,14.0,22.0,B,0.9966,APPROVE,own,R2,69,R2-q69,
0.0,23.5,75.0,0.0,349.0,18.0,0.5,14.0,22.0,B,0.9968,APPROVE,own,R2,70,R2-q70,
0.0,23.0,75.0,0.0,349.0,18.0,0.5,14.0,21.5,B,0.9962,APPROVE,own,R2,71,R2-q71,
0.0,23.0,75.0,0.0,349.0,18.4,0.5,14.0,22.0,B,0.997,APPROVE,own,R2,72,R2-q72,
0.0,23.0,75.0,0.0,349.0,18.6,0.5,14.0,22.0,B,0.9958,APPROVE,own,R2,73,R2-q73,
0.0,23.0,75.0,0.0,349.0,18.0,0.5,14.0,22.4,B,0.9968,APPROVE,own,R2,74,R2-q74,
0.0,23.0,75.0,0.0,349.0,18.0,0.5,14.0,22.6,B,0.9968,APPROVE,own,R2,75,R2-q75,
0.0,23.0,75.0,0.0,349.0,18.2,0.5,14.0,22.0,B,0.997,APPROVE,own,R2,76,R2-q76,
0.0,23.0,75.0,0.0,349.0,18.3,0.5,14.0,22.0,B,0.997,APPROVE,own,R2,77,R2-q77,
0.0,23.0,75.0,0.0,349.0,18.5,0.5,14.0,22.0,B,0.9967,APPROVE,own,R2,78,R2-q78,
0.0,23.0,75.0,0.0,349.0,18.4,0.5,18.0,22.0,B,0.9971,APPROVE,own,R2,79,R2-q79,
0.0,23.5,75.0,0.0,349.0,18.4,0.5,14.0,22.0,B,0.9971,APPROVE,own,R2,80,R2-q80,
0.0,23.0,75.0,0.0,345.0,18.4,0.5,14.0,22.0,B,0.997,APPROVE,own,R2,81,R2-q81,
0.0,23.0,75.0,0.0,349.0,18.4,0.45,14.0,22.0,B,0.9969,APPROVE,own,R2,82,R2-q82,
0.0,23.5,75.0,0.0,349.0,18.4,0.5,18.0,22.0,B,0.9972,APPROVE,own,R2,83,R2-q83,
0.0,23.5,75.0,0.0,349.0,18.4,0.5,17.0,22.0,B,0.9972,APPROVE,own,R2,84,R2-q84,
0.0,23.5,75.0,0.0,345.0,18.4,0.5,18.0,22.0,B,0.9971,APPROVE,own,R2,85,R2-q85,
0.0,23.0,75.0,0.0,349.0,18.3,0.5,18.0,22.0,B,0.9971,APPROVE,own,R2,86,R2-q86,
0.0,23.5,75.0,0.0,349.0,18.2,0.5,18.0,22.0,B,0.9971,APPROVE,own,R2,87,R2-q87,
0.0,23.5,75.0,0.0,349.0,18.4,0.5,13.0,22.0,B,0.9971,APPROVE,own,R2,88,R2-q88,
0.0,23.75,75.0,0.0,349.0,18.4,0.5,18.0,22.0,B,0.9967,APPROVE,own,R2,89,R2-q89,
0.0,24.0,75.0,0.0,349.0,18.4,0.5,18.0,22.0,B,0.9968,APPROVE,own,R2,90,R2-q90,
0.0,23.5,75.0,0.0,347.0,18.4,0.5,18.0,22.0,B,0.9971,APPROVE,own,R2,91,R2-q91,
0.0,23.5,75.0,0.0,351.0,18.4,0.5,18.0,22.0,B,0.9969,APPROVE,own,R2,92,R2-q92,
0.0,23.5,75.0,0.0,349.0,18.4,0.48,18.0,22.0,B,0.9972,APPROVE,own,R2,93,R2-q93,
0.0,23.5,75.0,0.0,349.0,18.4,0.52,18.0,22.0,B,0.9972,APPROVE,own,R2,94,R2-q94,
0.0,23.5,75.0,0.0,349.0,18.4,0.5,18.0,22.9,B,0.9971,APPROVE,own,R2,95,R2-q95,
0.0,23.5,75.0,0.0,349.0,18.45,0.5,18.0,22.0,B,0.9969,APPROVE,own,R2,96,R2-q96,
0.0,23.5,75.0,0.0,349.0,10.0,0.0,18.0,22.0,B,0.9809,APPROVE,own,R2,97,R2-q97,
0.0,23.5,75.0,0.0,349.0,10.0,0.5,18.0,22.0,B,0.9808,APPROVE,own,R2,98,R2-q98,
0.0,46.5,75.0,0.0,349.0,18.4,0.0,18.0,22.0,B,0.9859,APPROVE,own,R2,99,R2-q99,
0.0,46.5,75.0,0.0,349.0,18.4,0.5,18.0,22.0,B,0.9885,APPROVE,own,R2,100,R2-q100,
0.0,23.5,75.0,0.0,600.0,18.4,0.0,18.0,22.0,B,0.9766,APPROVE,own,R2,101,R2-q101,
0.0,23.5,75.0,0.0,600.0,18.4,0.5,18.0,22.0,B,0.9798,APPROVE,own,R2,102,R2-q102,
0.0,23.5,75.0,0.0,349.0,18.4,0.0,50.0,22.0,B,0.9783,APPROVE,own,R2,103,R2-q103,
0.0,23.5,75.0,0.0,349.0,18.4,0.5,50.0,22.0,B,0.9796,APPROVE,own,R2,104,R2-q104,
0.0,23.5,75.0,0.0,348.1931,18.4,0.4854,17.1391,22.0103,B,0.9965,APPROVE,own,R2,105,R2-q105,
0.0,23.5,75.0,0.0,349.0,18.4,0.4773,17.3016,22.598,B,0.9966,APPROVE,own,R2,106,R2-q106,
0.0,23.5,75.0,0.0,348.9351,18.4,0.5,17.077,21.2397,B,0.9969,APPROVE,own,R2,107,R2-q107,
0.0,23.5,75.0,0.0,348.3687,18.4,0.5282,18.0,22.4193,B,0.9971,APPROVE,own,R2,108,R2-q108,
0.0,23.5,75.0,0.0,349.0,18.4,0.4852,17.4766,21.1567,B,0.9963,APPROVE,own,R2,109,R2-q109,
0.0,23.5,75.0,0.0,348.0564,18.4,0.5333,18.0,22.8259,B,0.997,APPROVE,own,R2,110,R2-q110,
0.0,23.5,75.0,0.0,349.0,18.4,0.5,17.0259,22.967,B,0.9971,APPROVE,own,R2,111,R2-q111,
0.0,23.5,75.0,0.0,348.1542,18.4,0.5345,17.448,22.0,B,0.9965,APPROVE,own,R2,112,R2-q112,
0.0,23.5,75.0,0.0,349.0,18.4,0.48,17.0,22.0,B,0.9972,APPROVE,own,R2,113,R2-q113,
0.0,23.5,75.0,0.0,349.0,18.4,0.52,17.0,22.0,B,0.9972,APPROVE,own,R2,114,R2-q114,
0.0,23.5,75.0,0.0,347.0,18.4,0.48,18.0,22.0,B,0.9971,APPROVE,own,R2,115,R2-q115,
0.0,23.5,75.0,0.0,349.0,18.3,0.5,17.0,22.0,B,0.9972,APPROVE,own,R2,116,R2-q116,
0.0,23.4,75.0,0.0,349.0,18.4,0.5,18.0,22.0,B,0.9971,APPROVE,own,R2,117,R2-q117,
0.0,23.6,75.0,0.0,349.0,18.4,0.5,18.0,22.0,B,0.9972,APPROVE,own,R2,118,R2-q118,
0.0,23.6,75.0,0.0,349.0,18.4,0.52,17.0,22.0,B,0.9972,APPROVE,own,R2,119,R2-q119,
0.0,23.6,75.0,0.0,349.0,18.3,0.5,18.0,22.4,B,0.9972,APPROVE,own,R2,120,R2-q120,
0.5,46.5,50.0,3.0,900.0,15.0,2.5,50.0,20.0,A,0.6305,APPROVE,own,R2,121,R2-q121,
0.5,69.75,50.0,3.0,900.0,10.0,2.5,50.0,20.0,A,0.343,DECLINE,own,R2,122,R2-q122,
0.5,46.5,50.0,3.0,900.0,10.0,3.75,50.0,20.0,A,0.4248,DECLINE,own,R2,123,R2-q123,
0.5,46.5,50.0,3.0,900.0,10.0,2.5,75.0,20.0,A,0.5483,APPROVE,own,R2,124,R2-q124,
0.5,46.5,50.0,3.0,900.0,10.0,2.5,50.0,30.0,A,0.5511,APPROVE,own,R2,125,R2-q125,
0.5,69.75,50.0,3.0,600.0,15.0,2.5,50.0,20.0,A,0.8223,APPROVE,own,R2,126,R2-q126,
0.5,46.5,50.0,3.0,600.0,15.0,3.75,50.0,20.0,A,0.7607,APPROVE,own,R2,127,R2-q127,
0.5,46.5,50.0,3.0,600.0,15.0,2.5,75.0,20.0,A,0.8647,APPROVE,own,R2,128,R2-q128,
0.5,46.5,50.0,3.0,600.0,15.0,2.5,50.0,30.0,A,0.8929,APPROVE,own,R2,129,R2-q129,
0.5,69.75,50.0,3.0,600.0,10.0,3.75,50.0,20.0,A,0.5649,APPROVE,own,R2,130,R2-q130,
0.5,69.75,50.0,3.0,600.0,10.0,2.5,75.0,20.0,A,0.7412,APPROVE,own,R2,131,R2-q131,
0.5,69.75,50.0,3.0,600.0,10.0,2.5,50.0,30.0,A,0.7782,APPROVE,own,R2,132,R2-q132,
0.5,46.5,50.0,3.0,600.0,10.0,3.75,75.0,20.0,A,0.6467,APPROVE,own,R2,133,R2-q133,
0.5,46.5,50.0,3.0,600.0,10.0,3.75,50.0,30.0,A,0.7278,APPROVE,own,R2,134,R2-q134,
0.5,46.5,50.0,3.0,600.0,10.0,2.5,75.0,30.0,A,0.8121,APPROVE,own,R2,135,R2-q135,
0.5,23.25,50.0,3.0,600.0,5.0,2.5,50.0,20.0,A,0.7743,APPROVE,own,R2,136,R2-q136,
0.5,58.125,50.0,3.0,600.0,12.5,2.5,50.0,20.0,A,0.8111,APPROVE,own,R2,137,R2-q137,
0.5,46.5,50.0,3.0,600.0,10.0,2.5,25.0,10.0,A,0.8194,APPROVE,own,R2,138,R2-q138,
0.5,46.5,50.0,3.0,600.0,10.0,2.5,37.5,15.0,A,0.8088,APPROVE,own,R2,139,R2-q139,
0.0,23.5,75.0,0.0,349.0,9.2,0.0,18.0,22.0,B,0.9693,APPROVE,own,R2,140,R2-q140,
0.0,23.5,75.0,0.0,349.0,9.2,0.25,18.0,22.0,B,0.9703,APPROVE,own,R2,141,R2-q141,
0.0,23.5,75.0,0.0,349.0,9.2,0.5,18.0,22.0,B,0.9698,APPROVE,own,R2,142,R2-q142,
0.0,18.0,75.0,0.0,349.0,15.0,0.5,18.0,22.0,B,0.9928,APPROVE,own,R2,143,R2-q143,
0.0,19.2,75.0,0.0,349.0,15.0,0.5,18.0,22.0,B,0.9934,APPROVE,own,R2,144,R2-q144,
0.0,23.5,75.0,0.0,349.0,15.0,0.5,18.0,22.0,B,0.995,APPROVE,own,R2,145,R2-q145,
0.0,23.5,75.0,0.0,349.0,13.8,0.0,18.0,22.0,B,0.9948,APPROVE,own,R2,146,R2-q146,
0.0,23.5,75.0,0.0,349.0,13.8,0.375,18.0,22.0,B,0.9948,APPROVE,own,R2,147,R2-q147,
0.0,23.5,75.0,0.0,349.0,13.8,0.75,18.0,22.0,B,0.9941,APPROVE,own,R2,148,R2-q148,
0.0,23.5,75.0,0.0,300.0,18.4,0.5,18.0,22.0,B,0.9944,APPROVE,own,R2,149,R2-q149,
0.0,22.66,75.0,0.0,306.4,18.4,0.5,18.0,22.97,B,0.9946,APPROVE,own,R2,150,R2-q150,
0.0,23.5,75.0,0.0,315.0,18.4,0.5,18.0,22.0,B,0.9953,APPROVE,own,R2,151,R2-q151,
0.0,23.5,75.0,0.0,325.0,18.4,0.5,18.0,22.0,B,0.9952,APPROVE,own,R2,152,R2-q152,
0.5,23.0,50.0,3.0,600.0,10.0,2.5,50.0,20.0,A,0.8685,APPROVE,own,R2,153,R2-q153,
0.5,18.0,50.0,3.0,600.0,18.0,2.5,50.0,20.0,A,0.9336,APPROVE,own,R2,154,R2-q154,
0.5,23.0,50.0,3.0,600.0,18.0,2.5,50.0,20.0,A,0.9333,APPROVE,own,R2,155,R2-q155,
0.0,23.5,100.0,6.0,350.0,18.4,0.5,37.0,34.0,A,0.9948,APPROVE,own,R2,156,R2-q156,
0.0,23.5,100.0,6.0,350.0,18.4,0.5,37.0,34.0,B,0.9943,APPROVE,own,R2,157,R2-q157,
0.0,23.5,100.0,6.0,350.0,18.4,0.5,37.0,22.0,B,0.9944,APPROVE,own,R2,158,R2-q158,
0.0,23.5,75.0,0.0,349.0,16.0,0.0,18.0,22.0,B,0.9944,APPROVE,own,R2,159,R2-q159,
0.0,23.5,75.0,0.0,349.0,16.0,0.5,18.0,22.0,B,0.996,APPROVE,own,R2,160,R2-q160,
0.0,23.5,75.0,0.0,349.0,17.0,0.0,18.0,22.0,B,0.9937,APPROVE,own,R2,161,R2-q161,
0.0,23.5,75.0,0.0,349.0,17.0,0.5,18.0,22.0,B,0.996,APPROVE,own,R2,162,R2-q162,
0.0,23.5,75.0,0.0,349.0,15.0,0.0,18.0,22.0,B,0.9944,APPROVE,own,R2,163,R2-q163,
0.0,23.5,75.0,0.0,349.0,15.0,0.5,18.0,22.0,B,0.995,APPROVE,own,R2,164,R2-q164,
0.0,23.5,75.0,0.0,349.0,18.4,0.5,19.0,22.0,B,0.9967,APPROVE,own,R2,165,R2-q165,
0.0,23.5,75.0,0.0,349.0,18.4,0.5,18.0,23.0,B,0.9971,APPROVE,own,R2,166,R2-q166,
0.0,23.5,75.0,0.0,349.0,18.1,0.5,18.0,22.0,B,0.9971,APPROVE,own,R2,167,R2-q167,
0.0,23.6,75.0,0.0,348.0,18.4,0.5,18.0,22.0,B,0.9971,APPROVE,own,R2,168,R2-q168,
0.0,23.5,75.0,0.0,349.0,18.4,0.4,18.0,22.0,B,0.9969,APPROVE,own,R2,169,R2-q169,
0.0,23.6,75.0,0.0,349.0,18.4,0.5,19.0,23.0,B,0.9966,APPROVE,own,R2,170,R2-q170,
0.765,70.176,7.789,3.15,397.447,7.747,1.953,98.426,27.297,A,0.7883,APPROVE,own,R4,1,R4-q1,R4_B1_lhs
0.02,21.954,5.757,2.56,657.474,12.38,3.082,14.238,28.03,B,0.8782,APPROVE,own,R4,2,R4-q2,R4_B1_lhs
0.504,67.707,46.341,5.319,424.3,11.022,0.253,84.226,2.331,C,0.6627,APPROVE,own,R4,3,R4-q3,R4_B1_lhs
0.962,42.588,49.996,0.782,476.313,19.435,2.566,10.849,35.824,D,0.9657,APPROVE,own,R4,4,R4-q4,R4_B1_lhs
0.482,52.956,63.382,4.214,868.977,17.082,4.089,3.619,26.677,A,0.661,APPROVE,own,R4,5,R4-q5,R4_B1_lhs
0.944,72.602,58.845,2.175,803.176,13.793,1.268,31.064,24.966,B,0.6701,APPROVE,own,R4,6,R4-q6,R4_B1_lhs
0.64,51.667,2.378,2.082,385.9,14.926,4.615,18.039,13.689,C,0.8985,APPROVE,own,R4,7,R4-q7,R4_B1_lhs
0.868,29.832,16.473,4.969,694.701,12.836,0.673,43.999,33.844,D,0.9247,APPROVE,own,R4,8,R4-q8,R4_B1_lhs
0.729,65.537,80.396,3.834,663.187,5.272,4.889,54.32,29.746,A,0.2644,DECLINE,own,R4,9,R4-q9,R4_B1_lhs
0.186,40.884,70.708,0.251,504.607,1.144,4.348,35.574,23.389,B,0.553,APPROVE,own,R4,10,R4-q10,R4_B1_lhs
0.885,25.048,38.502,1.501,534.518,5.986,0.948,16.89,3.151,C,0.8038,APPROVE,own,R4,11,R4-q11,R4_B1_lhs
0.848,38.559,86.7,0.696,848.825,8.515,2.985,90.6,21.164,D,0.411,DECLINE,own,R4,12,R4-q12,R4_B1_lhs
0.034,36.276,76.438,3.559,410.506,16.169,1.419,39.021,6.175,A,0.9562,APPROVE,own,R4,13,R4-q13,R4_B1_lhs
0.977,44.559,10.924,3.735,612.787,10.257,4.148,66.997,5.808,B,0.032,DECLINE,own,R4,14,R4-q14,R4_B1_lhs
0.074,46.66,23.359,4.176,825.733,3.946,1.554,86.557,4.148,C,0.1525,DECLINE,own,R4,15,R4-q15,R4_B1_lhs
0.41,46.026,89.724,1.281,720.604,19.836,0.403,48.239,11.791,D,0.8672,APPROVE,own,R4,16,R4-q16,R4_B1_lhs
0.386,31.696,52.566,4.818,355.515,3.454,1.014,28.102,18.081,A,0.8942,APPROVE,own,R4,17,R4-q17,R4_B1_lhs
0.374,59.735,21.444,4.379,569.573,18.413,1.848,23.538,38.973,B,0.9568,APPROVE,own,R4,18,R4-q18,R4_B1_lhs
0.273,33.403,34.017,1.672,812.554,10.553,4.696,75.85,37.462,C,0.5598,APPROVE,own,R4,19,R4-q19,R4_B1_lhs
0.541,61.288,31.097,0.545,572.336,4.377,2.117,1.305,12.448,D,0.6269,APPROVE,own,R4,20,R4-q20,R4_B1_lhs
0.147,23.573,25.064,4.676,371.821,4.508,3.865,51.014,25.975,A,0.8084,APPROVE,own,R4,21,R4-q21,R4_B1_lhs
0.703,19.096,41.135,2.827,742.712,18.871,3.671,89.592,10.338,B,0.032,DECLINE,own,R4,22,R4-q22,R4_B1_lhs
0.312,56.676,50.723,0.026,678.678,14.075,4.376,64.756,1.752,C,0.3478,DECLINE,own,R4,23,R4-q23,R4_B1_lhs
0.778,62.743,72.658,4.542,628.476,15.635,0.602,71.455,16.578,D,0.8701,APPROVE,own,R4,24,R4-q24,R4_B1_lhs
0.68,26.814,95.027,5.178,766.48,8.467,2.206,7.011,8.784,A,0.7457,APPROVE,own,R4,25,R4-q25,R4_B1_lhs
0.453,29.071,18.574,0.449,326.352,16.793,1.195,74.443,20.944,B,0.9902,APPROVE,own,R4,26,R4-q26,R4_B1_lhs
0.605,36.903,2.642,2.93,873.691,2.881,0.03,58.012,22.323,C,0.4126,DECLINE,own,R4,27,R4-q27,R4_B1_lhs
0.591,68.395,98.48,1.358,337.107,11.939,3.556,46.001,34.174,D,0.8534,APPROVE,own,R4,28,R4-q28,R4_B1_lhs
0.55,20.425,79.512,1.807,640.731,1.807,1.652,61.8,39.11,A,0.6182,APPROVE,own,R4,29,R4-q29,R4_B1_lhs
0.24,25.93,94.339,3.98,542.004,13.309,3.352,81.377,17.401,B,0.885,APPROVE,own,R4,30,R4-q30,R4_B1_lhs
0.174,74.709,42.89,5.524,716.908,7.264,3.888,22.182,19.106,C,0.3299,DECLINE,own,R4,31,R4-q31,R4_B1_lhs
0.345,39.925,55.297,5.803,753.722,15.471,2.273,95.505,31.903,D,0.8018,APPROVE,own,R4,32,R4-q32,R4_B1_lhs
0.125,56.354,68.749,1.084,590.927,6.723,0.844,92.534,32.726,A,0.7355,APPROVE,own,R4,33,R4-q33,R4_B1_lhs
0.657,54.418,37.056,5.603,483.574,0.394,3.201,69.794,36.934,B,0.5235,APPROVE,own,R4,34,R4-q34,R4_B1_lhs
0.214,49.962,91.527,3.366,453.179,9.781,0.186,9.062,30.531,C,0.931,APPROVE,own,R4,35,R4-q35,R4_B1_lhs
0.82,34.965,61.036,5.941,437.609,9.417,4.792,33.397,14.16,D,0.8105,APPROVE,own,R4,36,R4-q36,R4_B1_lhs
0.442,59.082,83.842,3.017,898.904,6.115,3.392,26.579,0.523,A,0.2188,DECLINE,own,R4,37,R4-q37,R4_B1_lhs
0.919,49.153,65.834,2.476,304.561,2.248,2.798,79.594,7.783,B,0.032,DECLINE,own,R4,38,R4-q38,R4_B1_lhs
0.091,71.435,28.358,2.33,519.252,17.636,2.648,55.266,9.522,C,0.8121,APPROVE,own,R4,39,R4-q39,R4_B1_lhs
0.296,64.414,13.422,0.904,781.679,0.675,2.39,40.037,15.022,D,0.2614,DECLINE,own,R4,40,R4-q40,R4_B1_lhs
0.052,25.317,58.232,4.333,699.485,19.099,4.325,60.64,18.249,B,0.8637,APPROVE,own,R4,41,R4-q41,R4_B2_disagree
0.772,22.97,87.953,4.53,860.54,16.564,4.661,69.249,21.115,B,0.5916,APPROVE,own,R4,42,R4-q42,R4_B2_disagree
0.293,27.377,45.927,4.192,864.132,18.979,3.281,66.339,29.302,B,0.8047,APPROVE,own,R4,43,R4-q43,R4_B2_disagree
0.323,23.683,98.986,3.308,567.899,15.829,4.809,30.876,1.463,B,0.032,DECLINE,own,R4,44,R4-q44,R4_B2_disagree
0.29,29.348,13.162,5.734,765.512,17.287,4.841,20.318,11.377,B,0.7978,APPROVE,own,R4,45,R4-q45,R4_B2_disagree
0.544,68.395,98.759,3.026,488.832,10.394,4.977,44.973,10.08,B,0.032,DECLINE,own,R4,46,R4-q46,R4_B2_disagree
0.286,53.94,85.875,1.207,475.757,6.124,4.351,61.824,13.829,B,0.5686,APPROVE,own,R4,47,R4-q47,R4_B2_disagree
0.286,25.837,4.675,1.309,324.836,1.029,2.553,73.522,17.652,B,0.7826,APPROVE,own,R4,48,R4-q48,R4_B2_disagree
0.216,69.467,95.894,0.899,485.934,7.949,4.431,95.864,15.3,B,0.4502,APPROVE,own,R4,49,R4-q49,R4_B2_disagree
0.038,51.045,62.316,3.915,454.63,11.417,4.743,65.166,18.903,B,0.76,APPROVE,own,R4,50,R4-q50,R4_B2_disagree
0.423,34.229,64.888,4.511,493.494,12.862,4.834,48.889,8.102,B,0.032,DECLINE,own,R4,51,R4-q51,R4_B2_disagree
0.118,33.871,57.7,0.696,535.292,19.555,4.994,42.481,4.896,B,0.032,DECLINE,own,R4,52,R4-q52,R4_B2_disagree
0.986,57.585,69.202,4.547,307.807,9.396,4.588,49.595,3.019,B,0.032,DECLINE,own,R4,53,R4-q53,R4_B2_disagree
0.238,26.019,74.451,0.478,386.811,11.849,4.827,56.578,0.054,B,0.032,DECLINE,own,R4,54,R4-q54,R4_B2_disagree
0.644,28.217,97.482,1.017,892.733,18.796,3.034,12.15,14.197,B,0.7914,APPROVE,own,R4,55,R4-q55,R4_B2_disagree
0.515,47.335,89.326,0.843,360.71,3.152,1.51,67.099,1.58,B,0.032,DECLINE,own,R4,56,R4-q56,R4_B2_disagree
0.631,59.171,18.149,2.388,311.021,5.906,4.144,95.629,15.673,B,0.5447,APPROVE,own,R4,57,R4-q57,R4_B2_disagree
0.269,30.322,58.606,0.625,749.178,17.507,4.733,94.58,22.051,B,0.6743,APPROVE,own,R4,58,R4-q58,R4_B2_disagree
0.117,29.209,71.211,1.039,327.951,5.065,4.979,60.859,2.269,B,0.032,DECLINE,own,R4,59,R4-q59,R4_B2_disagree
0.641,33.291,71.691,1.209,336.539,3.971,2.617,66.837,2.654,B,0.032,DECLINE,own,R4,60,R4-q60,R4_B2_disagree
0.194,26.258,21.479,3.495,878.669,19.809,3.697,53.188,17.068,B,0.758,APPROVE,own,R4,61,R4-q61,R4_B2_disagree
0.709,60.451,89.889,0.895,376.583,5.274,2.927,53.996,4.043,B,0.032,DECLINE,own,R4,62,R4-q62,R4_B2_disagree
0.067,20.768,22.871,3.309,360.975,0.846,0.627,90.905,6.632,B,0.032,DECLINE,own,R4,63,R4-q63,R4_B2_disagree
0.023,43.027,14.286,1.805,478.855,11.664,4.406,33.114,0.806,B,0.032,DECLINE,own,R4,64,R4-q64,R4_B2_disagree
0.812,20.378,98.483,0.429,458.049,19.791,4.45,75.916,6.08,B,0.032,DECLINE,own,R4,65,R4-q65,R4_B2_disagree
0.236,42.805,75.42,4.516,881.443,15.96,4.844,27.075,16.552,B,0.5957,APPROVE,own,R4,66,R4-q66,R4_B2_disagree
0.483,52.681,66.476,2.878,579.082,16.0,4.9,71.574,13.197,B,0.7664,APPROVE,own,R4,67,R4-q67,R4_B2_disagree
0.32,66.448,17.446,5.073,349.492,3.589,2.502,67.585,20.608,B,0.6744,APPROVE,own,R4,68,R4-q68,R4_B2_disagree
0.679,71.671,20.884,4.056,431.111,4.896,4.376,55.484,17.759,B,0.4825,APPROVE,own,R4,69,R4-q69,R4_B2_disagree
0.199,41.775,46.349,1.093,602.756,18.835,4.956,51.337,26.896,B,0.7938,APPROVE,own,R4,70,R4-q70,R4_B2_disagree
0.647,33.859,35.707,4.097,417.545,9.229,4.777,11.221,0.279,B,0.032,DECLINE,own,R4,71,R4-q71,R4_B2_disagree
0.076,66.674,7.119,5.463,389.563,3.618,0.584,92.167,5.232,B,0.032,DECLINE,own,R4,72,R4-q72,R4_B2_disagree
0.976,20.55,8.945,4.003,613.055,18.934,4.346,24.809,17.117,B,0.8807,APPROVE,own,R4,73,R4-q73,R4_B2_disagree
0.595,19.693,16.538,0.769,822.39,15.66,2.509,65.112,0.532,B,0.032,DECLINE,own,R4,74,R4-q74,R4_B2_disagree
0.604,31.019,61.245,2.08,491.646,8.592,4.988,20.157,16.596,B,0.8088,APPROVE,own,R4,75,R4-q75,R4_B2_disagree
0.585,36.582,1.738,0.096,304.199,0.373,0.963,83.776,19.457,B,0.7947,APPROVE,own,R4,76,R4-q76,R4_B2_disagree
0.962,55.151,37.601,4.792,356.505,3.397,0.808,90.134,13.932,B,0.6916,APPROVE,own,R4,77,R4-q77,R4_B2_disagree
0.504,49.305,9.037,3.421,309.911,0.411,3.993,61.836,11.409,B,0.6093,APPROVE,own,R4,78,R4-q78,R4_B2_disagree
0.065,54.086,46.275,1.186,359.189,4.726,2.307,84.287,13.039,B,0.6849,APPROVE,own,R4,79,R4-q79,R4_B2_disagree
0.274,19.598,37.958,3.204,526.162,18.528,4.528,67.259,21.184,B,0.939,APPROVE,own,R4,80,R4-q80,R4_B2_disagree
0.5,24.0,25.0,6.0,350.0,20.0,0.0,4.0,22.0,B,0.9898,,public,public,,public-1,
0.0,23.0,75.0,6.0,349.0,20.0,0.0,4.5,22.0,B,0.9899,,public,public,,public-2,
0.0,23.0,75.0,0.0,349.0,20.0,0.0,4.5,22.0,B,0.9899,,public,public,,public-3,
0.0,23.0,75.0,0.0,349.0,19.0,0.0,4.5,22.0,B,0.9942,,public,public,,public-4,
0.0,25.0,100.0,6.0,500.0,18.0,0.0,37.0,35.0,A,0.9842,,public,public,,public-5,
0.0,25.0,100.0,6.0,475.0,18.0,0.0,37.0,35.0,A,0.9843,,public,public,,public-6,
0.0,25.0,100.0,6.0,450.0,18.0,0.0,37.0,35.0,A,0.9861,,public,public,,public-7,
0.0,25.0,100.0,6.0,400.0,18.0,0.0,37.0,35.0,A,0.9885,,public,public,,public-8,
0.0,25.0,100.0,6.0,350.0,18.0,0.0,37.0,35.0,A,0.9911,,public,public,,public-9,
0.0,25.0,100.0,6.0,300.0,18.0,0.0,37.0,35.0,A,0.9886,,public,public,,public-10,
0.0,25.0,100.0,6.0,340.0,18.0,0.0,37.0,35.0,A,0.9906,,public,public,,public-11,
0.0,25.0,100.0,6.0,355.0,18.0,0.0,37.0,35.0,A,0.9907,,public,public,,public-12,
0.0,25.0,100.0,6.0,360.0,18.0,0.0,37.0,35.0,A,0.9911,,public,public,,public-13,
0.0,25.0,100.0,6.0,500.0,20.0,0.0,40.0,40.0,A,0.9675,,public,public,,public-14,
0.0,25.0,100.0,6.0,600.0,20.0,0.0,40.0,40.0,A,0.9604,,public,public,,public-15,
0.0,25.0,100.0,6.0,700.0,20.0,0.0,40.0,40.0,A,0.9488,,public,public,,public-16,
0.0,25.0,100.0,6.0,800.0,20.0,0.0,40.0,40.0,A,0.9233,,public,public,,public-17,
0.0,25.0,100.0,6.0,900.0,20.0,0.0,40.0,40.0,A,0.8587,,public,public,,public-18,
0.0,25.0,100.0,6.0,500.0,18.0,0.0,40.0,40.0,A,0.9714,,public,public,,public-19,
0.0,25.0,100.0,6.0,500.0,20.0,1.0,40.0,40.0,A,0.9662,,public,public,,public-20,
0.0,25.0,100.0,6.0,500.0,20.0,2.0,40.0,40.0,A,0.9597,,public,public,,public-21,
0.0,25.0,100.0,6.0,500.0,18.0,0.0,40.0,15.0,A,0.9717,,public,public,,public-22,
0.0,25.0,100.0,6.0,500.0,18.0,0.0,40.0,25.0,A,0.982,,public,public,,public-23,
0.0,25.0,100.0,6.0,500.0,18.0,0.0,40.0,35.0,A,0.9822,,public,public,,public-24,
0.0,25.0,100.0,6.0,500.0,18.0,0.0,40.0,37.0,A,0.9815,,public,public,,public-25,
0.0,18.0,0.0,0.0,300.0,0.0,0.0,0.0,0.0,A,0.8032,,public,public,,public-26,
0.0,18.0,0.0,0.0,300.0,0.0,0.0,0.0,10.0,A,0.8552,,public,public,,public-27,
0.0,18.0,0.0,0.0,300.0,0.0,0.0,0.0,20.0,A,0.8816,,public,public,,public-28,
0.0,18.0,0.0,0.0,300.0,0.0,0.0,0.0,30.0,A,0.8831,,public,public,,public-29,
0.0,18.0,0.0,0.0,300.0,0.0,0.0,0.0,40.0,A,0.882,,public,public,,public-30,
0.0,25.0,100.0,6.0,500.0,18.0,0.0,35.0,35.0,A,0.9836,,public,public,,public-31,
0.0,25.0,100.0,6.0,500.0,18.0,0.0,36.0,35.0,A,0.9835,,public,public,,public-32,
0.0,25.0,100.0,6.0,500.0,18.0,0.0,38.0,35.0,A,0.9832,,public,public,,public-33,
0.0,25.0,100.0,6.0,500.0,18.0,0.0,39.0,35.0,A,0.9827,,public,public,,public-34,
0.0,25.0,100.0,6.0,500.0,18.0,0.0,50.0,40.0,A,0.9561,,public,public,,public-35,
